year,pc05,pc16,mean,pc50,pc84,pc95
1750,0.0,0.0,0.0,0.0,0.0,0.0
1751,-0.005219876879414559,0.0008901376754746932,0.008112948602525701,0.007460313625104116,0.015857832619163084,0.023608135028235718
1752,-0.009249950267837348,0.0012971751054945012,0.013125778807570671,0.012001162493084134,0.025851032127674756,0.03876000719726588
1753,-0.0053361856324287025,0.0008853428710017566,0.00825997985779837,0.007599326785942125,0.016189861177481012,0.024044553996291344
1754,-0.012022406068468506,-0.007962050306310971,-0.003919821571289744,-0.0035809902125550418,-0.00024262517668414702,0.003324680457939689
1755,-0.0031753158648699514,-8.052965735437711e-05,0.0030614773151777545,0.0027796981189243427,0.006536788259750755,0.01006402418265406
1756,-0.0047196624763262765,0.0008894289891137844,0.007603160941524357,0.0069352848658199365,0.014902257813022003,0.021966809886054827
1757,-0.019543762120624808,-0.013668717863361686,-0.007378845137102751,-0.006699049966365654,-0.001577943795397826,0.002593245779617175
1758,-0.004868735100429961,-0.0032618161077748323,-0.0017614148562707134,-0.0014946660564961263,-0.0003352375186255,0.0005111341045452918
1759,-0.010458761673525618,-0.007215100154249872,-0.0038380704780536287,-0.0034916866133043955,-0.000713275618560566,0.0016680728715426727
1760,-0.035061613244737215,-0.023409710062542777,-0.011933791826077258,-0.010929463484022657,-0.001291950701598018,0.00813496341885937
1761,-0.019750706478025494,-0.013831796833465457,-0.007366455163765876,-0.00668081985275277,-0.001394150480640062,0.0030545603006967847
1762,-0.00802449506049696,-0.005381681060874799,-0.002759170148901711,-0.002538707157403402,-0.00033692694355945646,0.0018742789663800088
1763,-0.007251630501308432,-0.005013033447807231,-0.0027253742222055595,-0.002509139521778635,-0.0005787521874934666,0.0010984095538801397
1764,-0.012730147521439554,0.0009036386348932409,0.015734083851240425,0.01439293333851095,0.03180128212465399,0.04849385981957238
1765,-0.020810655257778084,-0.014181095606553396,-0.00740716517916104,-0.006800416366873053,-0.0011365447015678051,0.004005693512790019
1766,-0.0052850805225303716,-0.0008877654715810087,0.00305706301835513,0.0027199177907759795,0.007339726217113058,0.012302826135217262
1767,-0.004253090315611892,-0.0010444459562617332,0.0017412786779041458,0.0015163361921959957,0.00472943406485661,0.008325626652192311
1768,-0.052151913746205085,-0.03568412328764946,-0.018846507537944212,-0.017212891013840086,-0.0032176728637563407,0.00894035923023262
1769,-0.024798460233206983,-0.017126663054867923,-0.00917012411167896,-0.008397078714900775,-0.0018332846714367052,0.0038859801426145467
1770,-0.025421694285305097,-0.0176031870875676,-0.009442168298382425,-0.008645341579730455,-0.0019218525401837976,0.0038460247716114258
1771,-0.004774899554688611,-0.0002904308215959602,0.004213574991105493,0.003798877739553441,0.00914059689961029,0.014305112760996268
1772,-0.00992582063042865,0.0003353321843923012,0.010963894146186266,0.010004648976644367,0.022548767639588085,0.03430795829701142
1773,-0.007559540428026193,0.00017605364654338886,0.008060465610232376,0.007368876939084376,0.016698393894040518,0.025426433895753737
1774,-0.036422296549902484,-0.024877828694125213,-0.013072253659968188,-0.011948218498873623,-0.0020822290768907864,0.006639940898537994
1775,-0.010349160006588443,-0.006619788869670323,-0.0033262938135315153,-0.0027523460332165863,-0.00022100525129615758,0.001764778886691986
1776,-0.004954157546865781,-0.0007713730306930936,0.002926991873665709,0.0026216080903824343,0.007024229719976474,0.011673868447756416
1777,-0.01576830176483753,-0.010362084171252225,-0.005570124210098941,-0.004706935029955499,-0.0009723513455243414,0.00190433190345156
1778,-0.0326817294043982,-0.022994605263277387,-0.012474671350960458,-0.01118824764203891,-0.0028776508395941583,0.003911595287451512
1779,-0.012732284522239337,-0.008272324773710963,-0.004261264943695774,-0.0035391075869962204,-0.00044038743065069445,0.0018321835495379141
1780,-0.04554056289704779,-0.03161207067065796,-0.016670617004000125,-0.015090744136646341,-0.002822994879829655,0.007713043479168623
1781,-0.02533583789899292,-0.017596387638584503,-0.009605987950887325,-0.00858580873006605,-0.0021917688030617124,0.0024363254670721223
1782,-0.01892820410874665,-0.013306941750994372,-0.007252210675845955,-0.0065176427538203964,-0.0016906247226181532,0.0019731347591006487
1783,-0.011250203012353863,-0.0075177602134545995,-0.0040332808174252,-0.0034104724697595046,-0.0006966843033677864,0.0013269923395463977
1784,-0.014183750429469505,-0.0019340757665507347,0.008744906168803985,0.00782116884561338,0.020660721722581415,0.0339777586669406
1785,-0.020305628797526613,-0.01428893373353398,-0.007822919358932277,-0.0070221055039137,-0.001851731407670814,0.0019663503048083855
1786,-0.010610847257116484,-0.004344913217660658,0.0009098871716993672,0.0005404914091232559,0.006828601264769348,0.01323293655159527
1787,-0.018473845373313143,-0.012359079652334154,-0.006597444510850282,-0.005562988328393098,-0.001121523570450972,0.0022234285975052995
1788,-0.06982744967174946,-0.04898430811840081,-0.025967066704297312,-0.02363320518027389,-0.004759986885102137,0.010454641015557434
1789,-0.041719602676951226,-0.029221735520089075,-0.015860440353325074,-0.014403949171457852,-0.0035314009552782463,0.005406612824462755
1790,-0.046230618940583425,-0.03237372940808128,-0.017480276401452877,-0.015893539089143875,-0.003758285436323483,0.006146814942879427
1791,-0.013808271259810701,-0.008739435085017063,-0.004003569361237137,-0.0033523691886745486,0.0005077344719576222,0.003844755344532673
1792,-0.011894405221794887,-0.004662588749962117,0.0013931794571527799,0.000978423097970515,0.008189793861721464,0.015627113460379986
1793,-0.009771809877476329,-0.004481922026527846,6.819257413051314e-05,-0.00014808892069367833,0.005131928727864111,0.010491746232874376
1794,-0.058204449848725054,-0.04043881390032026,-0.021603071945265208,-0.019691940854627794,-0.004040754953480298,0.009175084778100194
1795,-0.031182869132416153,-0.022121749386485836,-0.012241053432395389,-0.010996067135434964,-0.0030881152672282025,0.0026665970828946978
1796,-0.013270818482725977,-0.009120791183837119,-0.005213752070104804,-0.004578971391632229,-0.001505737858672307,0.000618177864374499
1797,-0.03539835022323186,-0.025408936830886797,-0.013982661992034793,-0.012637358867946567,-0.0036680055895862377,0.0032418750442306165
1798,-0.051424116703134445,-0.036376043503280636,-0.01992519935402847,-0.018213774377998614,-0.004720615585551085,0.006063832630035605
1799,-0.046412545075132434,-0.0328186178805457,-0.017760246173871386,-0.016239909019783238,-0.004025311124893596,0.005869437689020675
1800,-0.06660226241756632,-0.046068584397118785,-0.02466173396322274,-0.022574962224946336,-0.004870198054599297,0.010328377201881846
1801,-0.04725218098937947,-0.03368972246836254,-0.018436402828973363,-0.01684747883954505,-0.0043924217531943425,0.005492086750212247
1802,-0.0514696764656391,-0.03643193116096203,-0.01990565873505711,-0.018298806774746733,-0.004558932161986838,0.006516624259625983
1803,-0.029734251901919962,-0.021507865554649546,-0.012061727554667835,-0.010969671896059725,-0.0034505566036883437,0.0022281720726319504
1804,-0.019424907025918436,-0.012660497246369772,-0.006320121841869032,-0.0053784594471940035,-0.00031470722405532167,0.003875719786414692
1805,-0.05163491717645728,-0.03677592521799878,-0.020050428872502173,-0.018383230032611608,-0.0046379223934197005,0.005839102438614164
1806,-0.03715321994962923,-0.02661490386588224,-0.015012610569550583,-0.013632409485202935,-0.004316327168426345,0.002141714644950147
1807,-0.05103152188880384,-0.036438712618575266,-0.02029934988352005,-0.01850076177036094,-0.005464273528151798,0.004647514474873129
1808,-0.10276639164780492,-0.07200575274375631,-0.03865220883783722,-0.03537140656583614,-0.007613880787280406,0.015243422961440144
1809,-0.07937361321990448,-0.056034791467600695,-0.030265371029096346,-0.027595470245968347,-0.00634793882438086,0.010778223606803802
1810,-0.08652986854800611,-0.060989573554963365,-0.03284974813595567,-0.03005628564470518,-0.006819394898254191,0.012157627192986147
1811,-0.0565166369127807,-0.040360518598005504,-0.022463241765877377,-0.020463035184858844,-0.0059880233756361674,0.005295864314795081
1812,-0.035707135702663644,-0.025298289191089278,-0.014549261793476684,-0.013135603729084238,-0.004484418213323568,0.0015862766040566595
1813,-0.047192041106784856,-0.03402444565188869,-0.019061464417937473,-0.017332455019576042,-0.005402017269046768,0.003833311524210962
1814,-0.10635570478421724,-0.07323127096292577,-0.039555289638120425,-0.03630154382858328,-0.008020308662239937,0.01610464581393624
1815,-0.08227948460041783,-0.05847591251399371,-0.03184440887941606,-0.029225528094329233,-0.007261857735061005,0.009776800630416478
1816,-0.07679053949548592,-0.054513306305865185,-0.029945584500067512,-0.027459114744424386,-0.0070050756107918775,0.009154897145721066
1817,-0.08460132346355462,-0.06050293645932128,-0.03306578539310553,-0.03045592234103263,-0.007859586923097255,0.009612913743364693
1818,-0.11301488851659407,-0.07966184624146648,-0.04318778999475318,-0.03957982980202174,-0.009283192905951958,0.015196205022430333
1819,-0.09847922994227842,-0.06959508691120404,-0.037850178460456387,-0.03475338289659281,-0.008352505780192166,0.013031574137146954
1820,-0.12719230591592146,-0.08807098456885143,-0.047495172085311246,-0.04366394517422636,-0.009612132087898212,0.019439511234387186
1821,-0.1142769234786607,-0.08045344110820894,-0.04366893665865728,-0.04008012805717471,-0.009450670558434907,0.015645644640474875
1822,-0.11304910003397432,-0.0785787553953743,-0.042663934396480724,-0.03925993937193038,-0.009023394876034256,0.016417294283912757
1823,-0.08858480429189561,-0.06298413454631038,-0.03468561850506017,-0.03195011639946684,-0.008187860972093954,0.010468823415906907
1824,-0.07900071818647857,-0.05657680703184535,-0.03173646989831448,-0.029011836081937442,-0.008768353867138746,0.006644990845830795
1825,-0.11126442248903128,-0.07874583450883847,-0.04303350882345926,-0.03954460502606354,-0.00974906103529169,0.014569706912292361
1826,-0.09235218154319258,-0.0664212041351908,-0.03672001200488742,-0.033741861602984556,-0.009441149692205868,0.009900886172676098
1827,-0.10725717431434297,-0.07714824221671374,-0.042343477655122114,-0.039049096797202934,-0.010359745454381718,0.011759878666894626
1828,-0.16788902881944237,-0.11612052545144756,-0.06293246175837619,-0.05802784336327716,-0.013297452442310675,0.024569545493061
1829,-0.14396770949728635,-0.1004540751192016,-0.054716136062144274,-0.050243581760726734,-0.011935459252477286,0.019851701886595567
1830,-0.1541471276940696,-0.10877890639590776,-0.059879778510437326,-0.055271035488978035,-0.013848495289125492,0.019297135246344164
1831,-0.11525361509903537,-0.0828242774903775,-0.046210212677091,-0.042597336313513326,-0.012049254763503122,0.011088176933150395
1832,-0.10299985221645583,-0.07396785663481067,-0.04189065654799562,-0.03854115215474957,-0.01222085188681863,0.008203272084871146
1833,-0.1148973636920552,-0.08253831655318324,-0.04620162201876471,-0.04259726396056296,-0.01225203109575606,0.01093533192156088
1834,-0.1679168785504799,-0.11732235621912673,-0.06443441127119165,-0.059312252408483396,-0.014741165325238812,0.022517095416234627
1835,-0.13863722476699333,-0.0994944922111126,-0.05526818479325718,-0.05082810452451348,-0.014047543188162273,0.014461329735744523
1836,-0.14758349567532195,-0.10508155737498202,-0.05873354379758776,-0.05430983548859807,-0.015245295441849762,0.015669282980220998
1837,-0.15346084852441075,-0.11029694995925561,-0.06149728172233973,-0.056601920741239466,-0.01600034145412898,0.015639346828554508
1838,-0.17825776831060203,-0.12668580581899463,-0.07033648187386614,-0.0649913980215099,-0.01740681358981419,0.019978868262645295
1839,-0.16845033990275565,-0.11995686629416207,-0.06687231641110374,-0.061888225524928016,-0.016979860673544258,0.018276893781790763
1840,-0.17864733345168393,-0.1262664851221358,-0.07014355158088482,-0.065175628168345,-0.017504625102132864,0.020480570148262985
1841,-0.18869417530363986,-0.13397881407523685,-0.07468351006756778,-0.06906172976698928,-0.019114565900239223,0.020932894842488028
1842,-0.18050723243141542,-0.12804416651140735,-0.07156952832427767,-0.06669773502520902,-0.018702887159987226,0.01952101070333007
1843,-0.148753985389603,-0.10702443268267582,-0.06077233827574835,-0.05668738073045883,-0.01785726237982593,0.012482446641731029
1844,-0.14167449839708682,-0.1031535886117546,-0.059396181101959114,-0.055166940295317574,-0.01846859371954748,0.007683227305478414
1845,-0.1811797769729596,-0.12967800318112116,-0.07384265104282701,-0.06897405629640022,-0.02140501134259183,0.015282187429219137
1846,-0.16030412257724908,-0.11704309146979942,-0.06708521049595659,-0.06265352484134057,-0.020528181788587774,0.01050856239046049
1847,-0.18976165557433874,-0.13787965671786498,-0.07854876664490254,-0.07335194025413581,-0.023141578964263314,0.015142996373973738
1848,-0.2375000055922397,-0.16887817621632792,-0.09492611718124036,-0.08836309730402576,-0.025613189464128997,0.024624037300693045
1849,-0.2192171128479301,-0.157009055542824,-0.0889472470842763,-0.08318836782268345,-0.025342686243172853,0.020020990132256365
1850,-0.23189798350065424,-0.1661114532723813,-0.09413688566374456,-0.08796705576907816,-0.026475835432332603,0.02152901494652481
1851,-0.18840084455377412,-0.13759880803484179,-0.0791793697748315,-0.07398584719951261,-0.024609445677469893,0.012183108506857016
1852,-0.16870267926686108,-0.12357659283998428,-0.07223484192268775,-0.06762767885700238,-0.023677802104990105,0.006267066441356919
1853,-0.18485032346518412,-0.13478115714693215,-0.07824851192664375,-0.07331671523606173,-0.0251448194331403,0.009560970436555953
1854,-0.243109404297069,-0.1759268739875308,-0.101216901275048,-0.09522004660360528,-0.031017734068450733,0.017508975352699255
1855,-0.2120303177665633,-0.1555744698387965,-0.09044434710917362,-0.08494944452289319,-0.029300765641364877,0.0106939331718965
1856,-0.21256936454841266,-0.15618759347663907,-0.09129711973233032,-0.0860192122022914,-0.03036282089715948,0.009984002041922721
1857,-0.23681594257376115,-0.17351072993972994,-0.10066842064172417,-0.09459501208376446,-0.0322276651354996,0.013477640570190833
1858,-0.2521486670190556,-0.18399619502663925,-0.10653351229404717,-0.09996755432228911,-0.033663235486228085,0.016159794830715234
1859,-0.253228950624225,-0.18465841338560868,-0.10757923031913467,-0.10135319586866365,-0.03459869949991748,0.015174688514975419
1860,-0.2629267639978796,-0.1919571441411505,-0.1123954948543466,-0.10638904240741758,-0.03698510395497501,0.0145982659921589
1861,-0.25377690004566616,-0.1874114372755541,-0.11016126201765133,-0.10407493374785251,-0.037587134046764926,0.01026349068757853
1862,-0.2541266540497014,-0.18725838498109248,-0.1104585306287332,-0.1046248047070386,-0.03758010502936651,0.010464926939443384
1863,-0.22908346203293467,-0.17090519586760447,-0.10234321496748926,-0.09699033971354742,-0.03774619538591546,0.0025104794366757723
1864,-0.22553432064476983,-0.17090749699427946,-0.10326961703842301,-0.09736115631625046,-0.039893237465772814,-0.0021674852451454073
1865,-0.27592379340146306,-0.20506613679065777,-0.12223268909628643,-0.11591848929561734,-0.04417341807167635,0.006955135682457584
1866,-0.2527772552315833,-0.1910645788963665,-0.1149638153968753,-0.10874274175022364,-0.04401284850707267,-0.0004280391769573606
1867,-0.28562370833080525,-0.21401653488727526,-0.12828469902616976,-0.12196000953040691,-0.04774492231889193,0.0037449005395315776
1868,-0.32727414990279075,-0.24325976790236586,-0.14473636750874014,-0.1373988163431417,-0.05108260478748741,0.010301194411324151
1869,-0.29818201697151964,-0.22464985772178034,-0.13537476787813252,-0.1287429209454199,-0.05140555449238506,0.0019136067482019728
1870,-0.3281286311574792,-0.24459651173758137,-0.14713639886358193,-0.13976663460797606,-0.05458504248033451,0.0063673759713932685
1871,-0.2896988624950982,-0.22009410777854885,-0.13488703825617424,-0.12829209154116886,-0.05467303069845371,-0.006165306372560149
1872,-0.2641043878270689,-0.2039388060935819,-0.1274895469793661,-0.12072925996279472,-0.05665779553802731,-0.016779559397164523
1873,-0.3105466675168684,-0.23829517451704013,-0.14712043789237275,-0.1403708174855283,-0.06153671150827611,-0.01021904442288049
1874,-0.33840567175638725,-0.25660607722459944,-0.15616813530406573,-0.14915809369329552,-0.06180632811129889,-0.002346841848267646
1875,-0.29734461167267306,-0.22952196435241376,-0.14299800744235636,-0.13612305757603352,-0.06187197615972727,-0.015575871037404074
1876,-0.320140026485192,-0.24532402232253517,-0.1521860084711775,-0.1455921702434873,-0.06424212752771566,-0.011373784485153512
1877,-0.3254676921200723,-0.2508362677343091,-0.15560451652535162,-0.14905887366511456,-0.06650160824463841,-0.013016171971020474
1878,-0.33566961249702154,-0.25791155093720164,-0.15988472233857826,-0.15256476536374503,-0.06743347488530069,-0.011837733586923029
1879,-0.3644166260156031,-0.2765744527061757,-0.17166122646516754,-0.1643251463340374,-0.07159868013962065,-0.010784201030899011
1880,-0.3591570681494848,-0.2772697754210368,-0.17446028822662543,-0.16743815703629344,-0.07752398902136251,-0.0198688920933779
1881,-0.3571109370273698,-0.27774018911809445,-0.17593852718414765,-0.16811759601374715,-0.07930821867220292,-0.02407833268619237
1882,-0.35045253978948093,-0.2743276077773918,-0.1753035865539808,-0.16820539724152206,-0.08222004161371596,-0.029486862851967097
1883,-0.32244128147519807,-0.2553129067018996,-0.1666634957468329,-0.15895951492128263,-0.08354015924863574,-0.04100311737005239
1884,-0.3427765255717046,-0.2714132706230384,-0.1756657699545542,-0.1679307468864381,-0.08644866597108825,-0.04065298518469256
1885,-0.35900692462228306,-0.282874155371684,-0.18246894573341677,-0.1750999431564832,-0.08757019066885972,-0.03739900770589745
1886,-0.34765715475000597,-0.2756005285403176,-0.1785470067159097,-0.17059435022058345,-0.08814426268136967,-0.0417705159227818
1887,-0.3707402887731828,-0.2926267984947172,-0.18946997753087644,-0.18123834724308657,-0.0925259836423963,-0.042680804722323745
1888,-0.41242208178363254,-0.3254466273804369,-0.2108143144655478,-0.20291789926765116,-0.1024253771898859,-0.04399104445457389
1889,-0.39636815829763833,-0.3127417249656787,-0.2041630567817599,-0.19613111568173627,-0.1015416714842308,-0.04812844256849211
1890,-0.42110676559657556,-0.3335595818726485,-0.21860931685549834,-0.21047966109887015,-0.11000143271340669,-0.05318126686010989
1891,-0.3855443383138309,-0.3075088664351082,-0.20693083899448161,-0.19798504200591063,-0.11226063073478204,-0.06116766752169541
1892,-0.3704431811531968,-0.2952594581731153,-0.20206469864917873,-0.19380757209570493,-0.11247800485013024,-0.06608250521715109
1893,-0.38571862454581723,-0.3084248211233662,-0.20789884225920616,-0.19894692970695974,-0.11328543893480511,-0.06232343243110741
1894,-0.4376885812490385,-0.3469373703255799,-0.23035761816794384,-0.2226010316025141,-0.1203813381085328,-0.06244383652539555
1895,-0.4195320685802026,-0.3367949438464007,-0.22752914085254797,-0.21860948468795313,-0.12495716948017094,-0.06865835118357007
1896,-0.40321401827200537,-0.32406514458933733,-0.2227457197431844,-0.21480851359768877,-0.1252796885561553,-0.07473937291108317
1897,-0.4337367203882328,-0.3500662299707668,-0.23877376557425328,-0.23052437381063495,-0.13339558466209922,-0.07755307712055635
1898,-0.4366814538118428,-0.35185283716102106,-0.24343099791327868,-0.23430521583428043,-0.13864841208387726,-0.08486817267500936
1899,-0.47751006367700977,-0.387675799850269,-0.26650073989569933,-0.2587495052478462,-0.15101415700326465,-0.08953154581571345
1900,-0.4799423265280397,-0.3897249306517529,-0.27118891782422144,-0.26253268950394915,-0.1566138424310046,-0.09818996572068063
1901,-0.4667353792341973,-0.37995039612166065,-0.2692623060940516,-0.2610897178182795,-0.15950700492858502,-0.10506623684116213
1902,-0.4675133254846435,-0.3784500322249988,-0.2707475613021534,-0.26292756252714294,-0.16230758169996673,-0.10975965499520186
1903,-0.47071163692281887,-0.3784601209094643,-0.276011572278105,-0.26785228893071045,-0.17103829469560616,-0.11934279387425167
1904,-0.5063300288096771,-0.4129916938096575,-0.2961492749350931,-0.287827039775914,-0.17795981388349263,-0.11978549882320762
1905,-0.5261203830998605,-0.43038714054424054,-0.3102527943195459,-0.3018951659015841,-0.18900912256002275,-0.12731746806700817
1906,-0.5307882987294936,-0.4334078960990007,-0.3156942947444669,-0.30814525983627744,-0.19499125939392403,-0.1343380736526423
1907,-0.5863309413979263,-0.48324855816527273,-0.3514718087608419,-0.34420818416383936,-0.21783584845111512,-0.146407309285072
1908,-0.5829615115951459,-0.48134212242427915,-0.3464881729028981,-0.3393367881604751,-0.2099009807162236,-0.139856629388403
1909,-0.5850544409702255,-0.4827434478120954,-0.3514591238774365,-0.3444437575557257,-0.21839711379981397,-0.1488726000993531
1910,-0.626613422213909,-0.5177818261052286,-0.37544482414228825,-0.3691689659692646,-0.22988401300904562,-0.15433061796648007
1911,-0.597315970386667,-0.49249658419607345,-0.36097266501548103,-0.3551940696038796,-0.22799707290943463,-0.1571717806688103
1912,-0.5995703590338073,-0.4913458770921208,-0.3637333685367577,-0.3564376561897525,-0.2342413709107383,-0.16382604555833744
1913,-0.6359957924474507,-0.5247888172615158,-0.3878020228786252,-0.3818661655774332,-0.25009946256739735,-0.17424015797798323
1914,-0.6367238331109449,-0.5266825257236207,-0.38289870019344724,-0.3764463065746321,-0.2358882329935425,-0.15835832199184563
1915,-0.6079364762897046,-0.5013087051171307,-0.36810504713189496,-0.3624521192483762,-0.23123416635998634,-0.15846144175831628
1916,-0.6334977507974695,-0.5231490582580801,-0.38654183824498717,-0.38081943846913796,-0.24905957256290298,-0.1746456309914922
1917,-0.6605792199990443,-0.5479420429108625,-0.40470788424062115,-0.3986887698058415,-0.26088370029347624,-0.18217171053433284
1918,-0.6656706114551447,-0.552607871643126,-0.4077413790710505,-0.402330570211617,-0.25994858418117756,-0.17704175160596686
1919,-0.6112048838345248,-0.5070187411829935,-0.36814463831081795,-0.3609892825260096,-0.22823200279774244,-0.15370035455604336
1920,-0.6470501715945195,-0.5356875872355503,-0.3944526099136569,-0.3890042141225671,-0.2495132877415688,-0.17014586561864295
1921,-0.5654685267931697,-0.4638708895478141,-0.3393469930569968,-0.33286382455072167,-0.21196462244272765,-0.14650865193125898
1922,-0.5686947594846685,-0.46206093838502293,-0.3427147836032086,-0.3350752524192017,-0.2203038849400991,-0.15406176061071075
1923,-0.6639216995838263,-0.5516277233163768,-0.4067313225095725,-0.4011981455691008,-0.2597693568509341,-0.17917122046408127
1924,-0.6361312616773469,-0.5217600797132179,-0.3885950378074708,-0.3815330264563356,-0.253193313580113,-0.17615349984728373
1925,-0.6380057707477094,-0.523848471644204,-0.3906185209444993,-0.38423396442199426,-0.25538090915232775,-0.17700841861455244
1926,-0.6376812791036222,-0.5203493436248422,-0.389077419532797,-0.3823630440121795,-0.2550501027827228,-0.1775917432512843
1927,-0.672057901760685,-0.5529349098917652,-0.4141340892415666,-0.4066944510796501,-0.2726212680493451,-0.1903308466419297
1928,-0.6730795211833955,-0.5556960497305414,-0.4151345178816606,-0.4079979158827689,-0.2719412855041138,-0.1893194237965857
1929,-0.7171991835332912,-0.5967118058336873,-0.4445625861586566,-0.4398481516015756,-0.28975639879858855,-0.20328061612824505
1930,-0.7173886355935121,-0.5999182833484971,-0.43885011189212936,-0.43432621384028786,-0.27576893288998716,-0.182842335957528
1931,-0.6142611985820385,-0.5049259500964883,-0.3730885785139647,-0.36701699474720373,-0.23973887355201717,-0.1676233120996449
1932,-0.5825020558811213,-0.4802845881842093,-0.3490033394838535,-0.341546466344791,-0.21550615710295543,-0.14706211491487606
1933,-0.5960375907384995,-0.49134426952398863,-0.35952697956261664,-0.3531455940364838,-0.2246502121914565,-0.15377032541203967
1934,-0.6612945314508021,-0.5512991890236001,-0.40143739519518756,-0.3952829196533826,-0.2485192503922485,-0.16742180986901184
1935,-0.6829282996429075,-0.5701347791293478,-0.4185530704878711,-0.4141346246474326,-0.26516024696874246,-0.17857044675141945
1936,-0.7420045887945511,-0.6223356561481547,-0.4552217133779816,-0.45121339988002707,-0.2866037411699712,-0.18994379783275614
1937,-0.761033561731073,-0.6364199119611115,-0.47126872180974594,-0.46819750826124906,-0.303537827806477,-0.20467655768362447
1938,-0.6995244796977114,-0.5809553601734875,-0.43168753843456986,-0.42695950299365876,-0.28089951625875137,-0.19623216058769516
1939,-0.7613360365847935,-0.638591179184523,-0.47146594280228526,-0.46777144456160763,-0.30190796689258015,-0.202956674949766
1940,-0.7816071392717808,-0.6568475947134386,-0.4907446287522283,-0.48756860302683674,-0.3219991505272328,-0.2240735851864752
1941,-0.792555585837072,-0.6688987992121973,-0.5014408936465569,-0.4978146572237497,-0.33046504721009706,-0.22652424703504204
1942,-0.8307238694253837,-0.7035604861011538,-0.5243617963433465,-0.5227167224402888,-0.3400798375752068,-0.2342617338222545
1943,-0.826274158534292,-0.699260870978875,-0.5232119083460132,-0.5210365969223879,-0.34330449109602723,-0.23600004328788282
1944,-0.8230509122540683,-0.6963209305875909,-0.5196892152370118,-0.5170008170854321,-0.3385852089659167,-0.23453078003897335
1945,-0.7508416829229677,-0.6298740885819734,-0.4677944157918055,-0.46423034137684216,-0.3038999386464744,-0.2106383963163493
1946,-0.7272855356255791,-0.6066902579094979,-0.45356152043950043,-0.447192717659901,-0.29750610521746146,-0.2091041162085681
1947,-0.7786042656267163,-0.6567774008586792,-0.4931819637773577,-0.4880030322705589,-0.3255512259141997,-0.22793091159850296
1948,-0.8207908121127196,-0.6943789118932246,-0.5201785230580008,-0.5174497694782774,-0.34317018040317276,-0.2353756346175693
1949,-0.8251158087197195,-0.6988127732483962,-0.5193742513766731,-0.5187587697640786,-0.33744598763401845,-0.22823556043644627
1950,-0.9297566538008672,-0.7918756075057138,-0.5851099402722542,-0.5838254565585748,-0.3779226136497,-0.25079668565753277
1951,-0.8697492340755268,-0.7435612515524106,-0.5583083642422882,-0.5558635491892142,-0.37402435705598686,-0.25836822230734163
1952,-0.900051943451572,-0.770520531223289,-0.5781364615372677,-0.5750361281939161,-0.3843732459982011,-0.2632767299410965
1953,-0.9376057240697989,-0.8047393885671891,-0.6013408348923258,-0.6011068565187054,-0.3951632905490778,-0.2716386492675316
1954,-0.935777388631368,-0.8048658737073102,-0.6028213209371079,-0.6022605091551794,-0.3988543518097426,-0.2753003965359202
1955,-0.9877813378097737,-0.8540316013317737,-0.6413967260996021,-0.641355858687235,-0.4293087520638605,-0.2948612314495065
1956,-1.077757013431445,-0.9345068711586264,-0.7011036826049988,-0.7011563671868918,-0.4649252112260555,-0.3199415197325514
1957,-1.1527001347952788,-1.0047356664075184,-0.7486950788260615,-0.7525647489829593,-0.49547520875974627,-0.33467130929341654
1958,-1.0778385468742413,-0.9412675740008075,-0.7106238430224862,-0.7127491255539492,-0.4824205764363168,-0.3393514373363482
1959,-1.1066901490317478,-0.9661764274999575,-0.7311022582623933,-0.7318441793670017,-0.49817444357940116,-0.35080643990133104
1960,-1.1283428238526259,-0.9887805851305251,-0.748954585490154,-0.7460781884780376,-0.5088007336527268,-0.35945526771060043
1961,-1.3096332578902923,-1.1503942885304572,-0.8660400117961696,-0.8738147684639043,-0.5831164604105831,-0.40036449127348506
1962,-1.2860070700971502,-1.1337722986277072,-0.8573695392869914,-0.8635301369360303,-0.5820647881575869,-0.40622030237468854
1963,-1.4218717542961794,-1.2442404220433618,-0.9313239675339284,-0.9373018912476794,-0.6213503459486083,-0.41537979623613824
1964,-1.355475447225575,-1.1955418709117025,-0.9028136638824639,-0.911266360223768,-0.611241180468785,-0.4223028174155519
1965,-1.4000787764752092,-1.231205286240296,-0.9279389754333378,-0.9378520406568839,-0.6232428264873446,-0.4330619515269519
1966,-1.4137382803644787,-1.2438374726221377,-0.9383919219213305,-0.9463450777533167,-0.6317671741460047,-0.4370935887261217
1967,-1.457616732205628,-1.2778007922868548,-0.9593825633382461,-0.9642952021971639,-0.6438767974094614,-0.44225795557483744
1968,-1.460745958164725,-1.2870469933543507,-0.9687022794232676,-0.9771565659207181,-0.6505995906438868,-0.4507127311574559
1969,-1.4572169305765357,-1.2852102450774154,-0.9692904611374429,-0.9761992418562933,-0.6548764519787882,-0.45976491889437504
1970,-1.5434788392321421,-1.356575003696596,-1.0257493668941395,-1.0335316568004718,-0.6901524523751399,-0.48530105285637903
1971,-1.5511445243833224,-1.3665199316596173,-1.0332609952133973,-1.0425683330798772,-0.6970063970339483,-0.4879907893032964
1972,-1.6866152332128677,-1.4788041608226545,-1.111980872792841,-1.1151104464219923,-0.7437827473680295,-0.5037126690594178
1973,-1.6496422044028778,-1.448300328974744,-1.0969483197808048,-1.107324427733974,-0.7411887027611197,-0.5209564150319344
1974,-1.6248807282420314,-1.429928206898183,-1.084271088024596,-1.0961782566210008,-0.7337572539585288,-0.514993994475759
1975,-1.5737300885445678,-1.3849104859142565,-1.0529673303611469,-1.0604929692964835,-0.7172286934985723,-0.5050079295932662
1976,-1.674604783740946,-1.4732815725567954,-1.1200449880132377,-1.1294721033729378,-0.7622409688882036,-0.5349864849244425
1977,-1.674049165622411,-1.477166588031102,-1.1230140499473293,-1.1320175786704167,-0.7637928862790712,-0.544890854535655
1978,-1.6877752833730704,-1.491836500479028,-1.1340098552800835,-1.1448166437005918,-0.7723532658361858,-0.5495923924956994
1979,-1.7085635650279987,-1.5141636979501372,-1.1502900152604763,-1.1584864632235827,-0.7823038685121797,-0.5589954370244021
1980,-1.7094524346926692,-1.5112441572594872,-1.1488381746312377,-1.1567887983366356,-0.7842452933383885,-0.5576836674977146
1981,-1.6491353004165439,-1.4632056060855267,-1.111256676669632,-1.1183171411981159,-0.7576019868229091,-0.5405314405836368
1982,-1.7711803824680763,-1.5596997607594552,-1.1752053974030179,-1.1877794296712154,-0.7887094552624744,-0.549704998219758
1983,-1.581995326472768,-1.404291519014103,-1.0674169644352571,-1.0723303341335646,-0.7340792474234249,-0.5215119905752468
1984,-1.620554579071175,-1.4395797145786953,-1.0939017692688915,-1.1014524832764063,-0.7501270556304507,-0.5400085566705389
1985,-1.631963829748319,-1.455157104937305,-1.1055559939070996,-1.1143531636266601,-0.7576367848552644,-0.5482302314099513
1986,-1.6316088271024434,-1.4534350529045268,-1.1037329943819456,-1.1108691640099309,-0.756784349654307,-0.545108773167592
1987,-1.6976576568568635,-1.5142532955167036,-1.1502145234836374,-1.1630662240495442,-0.7872574917271924,-0.5628210793484709
1988,-1.693805156265094,-1.509762002141461,-1.1472793043824392,-1.1555767873914715,-0.7854509990671706,-0.5712832126855674
1989,-1.6646981016846187,-1.4860334343701196,-1.1271912679312563,-1.1349378901285663,-0.7734380503378626,-0.557727788108052
1990,-1.6873743094914933,-1.5054322204781991,-1.1445366509877628,-1.1544852230544425,-0.7824326440094185,-0.5678428876925812
1991,-2.0693637191450795,-1.7701107377966825,-1.3084127156039527,-1.3124670236130414,-0.8341387048310323,-0.5434341283790143
1992,-1.611138761583795,-1.4372011812037664,-1.090872426522463,-1.100718894809417,-0.7453754147543072,-0.5389988451561722
1993,-1.6409945066704283,-1.461937950410356,-1.1100410801247032,-1.1162682183662467,-0.7560723568043357,-0.5472547577877034
1994,-1.8890914881564569,-1.629756239752156,-1.2145456836984696,-1.218126208379755,-0.7798588364086565,-0.5172203411205679
1995,-1.6478183221544258,-1.4629045923615012,-1.106157625381542,-1.1150454543317372,-0.7435904411173786,-0.5407107480577593
1996,-1.588465555550635,-1.4124516319588902,-1.070051833761867,-1.0768573249854454,-0.723850407192279,-0.5276702193668006
1997,-2.2166579885356965,-1.839156159317658,-1.3142273881679776,-1.310489955387094,-0.7835762694892573,-0.46006656336085916
1998,-2.119988949392137,-1.7719946577585808,-1.2755372520142714,-1.268619205435901,-0.7677518434254769,-0.4710433320777411
1999,-1.6035577295279542,-1.4077374446472102,-1.0601225101015592,-1.067695505763463,-0.6996566651056765,-0.5009903588896794
2000,-1.4963623023734713,-1.328445038259586,-1.0036104543842008,-1.0064591578022657,-0.6791878309158162,-0.48838979917124586
2001,-1.4941216578957615,-1.3277186079834296,-1.0000521780002942,-1.0028453547730007,-0.6743085891566033,-0.4842226644493121
2002,-1.7922969021478183,-1.541068745201964,-1.140481144219965,-1.1440349788129747,-0.7226571295413059,-0.4804673805869099
2003,-1.8449230082296662,-1.5841761434005552,-1.1743128473437952,-1.1769558881105264,-0.7455506145837419,-0.4934747162959652
2004,-1.7269710565059728,-1.5151831877893163,-1.1416726304862885,-1.1509522976446718,-0.7534399553123079,-0.5437842391212284
2005,-1.7640435710067877,-1.5526204936764378,-1.170248161122023,-1.1804087173405906,-0.7765730557660661,-0.5672335617469961
2006,-1.8706778871951062,-1.628244889436291,-1.2178957601875524,-1.228496130376786,-0.794647379368235,-0.5596720915311373
2007,-1.7619648294925758,-1.5514117817547468,-1.1659582425481734,-1.1704753380451105,-0.7738043463667589,-0.5624320696166082
2008,-1.687311973359726,-1.4802138902460902,-1.1097438597518552,-1.1086149686016729,-0.7408968604800791,-0.5236541306628123
2009,-1.6524611055963732,-1.4431921344327392,-1.0775557285413637,-1.0737253636794026,-0.7122784147508547,-0.501648228135426
2010,-1.7431359608744597,-1.514138011753246,-1.1243922889812372,-1.119364011644119,-0.7312268939892033,-0.5122780883296899
2011,-1.6780673079688713,-1.4577821610458368,-1.082994750173455,-1.0739181633158912,-0.7062491486332243,-0.4943535185241666
2012,-1.7920956338460405,-1.5551397895004486,-1.1517346521088918,-1.1534230640635799,-0.7399622168253995,-0.5174639610499451
2013,-1.676458879357113,-1.4591660171087455,-1.0796296719679614,-1.0703776309938793,-0.7009020884905078,-0.488428094528052
2014,-1.7933109704754,-1.551824399454515,-1.1471829155173139,-1.1481306462885692,-0.7333602993293605,-0.503633202719655
2015,-1.635954513721897,-1.3948143097729755,-1.015994763519795,-1.003640191019234,-0.6394304184560885,-0.4271795289627707
2016,-1.6013131893565822,-1.3591368689505103,-0.9876496338484932,-0.9738233597877387,-0.6198707517192628,-0.40481457502082385
2017,-1.5673045870384985,-1.3190760702217241,-0.9591575375148179,-0.9453863050834904,-0.596169829258872,-0.3902050974743929
2018,-1.531625838296088,-1.283947105551531,-0.9305120310079189,-0.9154474299698587,-0.5753187313182486,-0.37073235914499936
2019,-1.4909940260433474,-1.2491301643305184,-0.9017061329834819,-0.8865125844436269,-0.5534295083945517,-0.35170533237554524
