Model,Scenario,Region,Variable,Unit,2015,2020,2030,2040,2050,2060,2070,2080,2090,2100,Notes
AIM/CGE,SSP3-70 (Baseline),World,CMIP6 Emissions|BC,Mt BC/yr,9.727,10.228,10.688,11.006,10.946,10.582,10.204,9.761,9.450,9.105,
AIM/CGE,SSP3-LowNTCF,World,CMIP6 Emissions|BC,Mt BC/yr,9.727,9.654,8.586,7.397,5.876,5.492,5.093,4.682,4.334,3.967,
GCAM4,SSP4-34,World,CMIP6 Emissions|BC,Mt BC/yr,9.727,10.001,9.471,8.718,7.511,6.648,6.191,5.627,4.622,3.747,
GCAM4,SSP4-60,World,CMIP6 Emissions|BC,Mt BC/yr,9.727,10.001,10.154,9.943,9.289,8.225,7.191,6.071,5.072,4.330,
IMAGE,SSP1-19,World,CMIP6 Emissions|BC,Mt BC/yr,9.727,7.824,4.434,3.546,2.798,2.519,2.370,2.244,2.177,2.075,
IMAGE,SSP1-26,World,CMIP6 Emissions|BC,Mt BC/yr,9.727,7.781,5.028,4.180,3.613,3.373,3.147,2.752,2.472,2.227,
MESSAGE-GLOBIOM,SSP2-45,World,CMIP6 Emissions|BC,Mt BC/yr,9.727,8.822,8.022,7.274,6.333,5.536,4.671,3.790,3.024,2.651,
REMIND-MAGPIE,SSP5-34-OS,World,CMIP6 Emissions|BC,Mt BC/yr,9.727,9.417,8.437,8.062,5.565,4.642,3.693,2.881,2.409,2.178,
REMIND-MAGPIE,SSP5-85 (Baseline),World,CMIP6 Emissions|BC,Mt BC/yr,9.727,9.417,8.437,8.062,6.901,6.570,6.089,5.424,4.405,3.314,
