Model,Scenario,Region,Variable,Unit,2015,2020,2030,2040,2050,2060,2070,2080,2090,2100,Notes
AIM/CGE,SSP3-70 (Baseline),World,CMIP6 Emissions|NH3,Mt NH3/yr,65.279,68.740,74.357,78.141,80.714,82.574,83.419,83.672,85.954,88.308,
AIM/CGE,SSP3-LowNTCF,World,CMIP6 Emissions|NH3,Mt NH3/yr,65.279,68.129,73.181,76.117,78.229,78.904,79.293,79.315,80.934,82.913,
GCAM4,SSP4-34,World,CMIP6 Emissions|NH3,Mt NH3/yr,65.280,69.133,76.550,83.471,89.214,92.750,96.266,99.137,98.884,96.270,
GCAM4,SSP4-60,World,CMIP6 Emissions|NH3,Mt NH3/yr,65.280,69.133,76.209,82.938,89.124,93.674,98.555,103.108,105.328,107.138,
IMAGE,SSP1-19,World,CMIP6 Emissions|NH3,Mt NH3/yr,65.280,65.138,64.858,65.217,64.732,64.103,63.875,63.615,63.518,63.182,
IMAGE,SSP1-26,World,CMIP6 Emissions|NH3,Mt NH3/yr,65.280,65.139,64.766,64.325,64.205,63.552,63.378,63.587,63.875,62.909,
MESSAGE-GLOBIOM,SSP2-45,World,CMIP6 Emissions|NH3,Mt NH3/yr,65.279,67.053,72.460,75.393,76.031,75.165,72.865,69.907,67.384,65.370,
REMIND-MAGPIE,SSP5-34-OS,World,CMIP6 Emissions|NH3,Mt NH3/yr,65.280,69.682,77.160,80.896,81.168,88.675,93.218,91.729,93.563,91.936,
REMIND-MAGPIE,SSP5-85 (Baseline),World,CMIP6 Emissions|NH3,Mt NH3/yr,65.280,69.682,77.160,80.896,81.112,83.396,85.247,84.532,84.648,81.525,
