Model,Scenario,Region,Variable,Unit,2015,2020,2030,2040,2050,2060,2070,2080,2090,2100,Notes
AIM/CGE,SSP3-70 (Baseline),World,CMIP6 Emissions|VOC,Mt VOC/yr,227.238,237.022,246.671,250.866,256.015,252.179,247.398,241.422,235.277,227.919,
AIM/CGE,SSP3-LowNTCF,World,CMIP6 Emissions|VOC,Mt VOC/yr,227.238,228.470,217.221,196.608,167.638,152.219,136.202,119.502,102.433,84.088,
GCAM4,SSP4-34,World,CMIP6 Emissions|VOC,Mt VOC/yr,227.245,230.439,237.626,244.124,240.226,231.676,229.782,217.368,185.073,158.952,
GCAM4,SSP4-60,World,CMIP6 Emissions|VOC,Mt VOC/yr,227.245,230.439,228.603,231.175,225.583,217.667,207.780,196.250,187.598,174.352,
IMAGE,SSP1-19,World,CMIP6 Emissions|VOC,Mt VOC/yr,227.245,190.598,116.774,110.109,93.079,83.835,75.248,66.443,62.784,58.516,
IMAGE,SSP1-26,World,CMIP6 Emissions|VOC,Mt VOC/yr,227.245,188.959,128.047,118.029,109.124,100.578,90.256,77.442,70.395,62.305,
MESSAGE-GLOBIOM,SSP2-45,World,CMIP6 Emissions|VOC,Mt VOC/yr,227.238,218.855,214.606,208.872,197.153,179.607,162.362,146.564,130.598,120.699,
REMIND-MAGPIE,SSP5-34-OS,World,CMIP6 Emissions|VOC,Mt VOC/yr,227.245,229.234,218.806,209.566,178.549,158.665,134.284,115.002,106.744,104.732,
REMIND-MAGPIE,SSP5-85 (Baseline),World,CMIP6 Emissions|VOC,Mt VOC/yr,227.245,229.234,218.806,209.566,204.304,207.515,203.193,200.116,188.573,163.313,
