Model,Scenario,Region,Variable,Unit,2015,2020,2030,2040,2050,2060,2070,2080,2090,2100,Notes
AIM/CGE,SSP3-70 (Baseline),World,CMIP6 Emissions|NOx,Mt NOx/yr,155.498,166.055,169.680,170.897,169.856,163.490,157.435,151.232,148.067,144.449,
AIM/CGE,SSP3-LowNTCF,World,CMIP6 Emissions|NOx,Mt NOx/yr,155.498,155.177,128.971,111.114,85.937,83.715,81.166,78.765,76.948,75.003,
GCAM4,SSP4-34,World,CMIP6 Emissions|NOx,Mt NOx/yr,155.520,152.852,137.734,119.959,100.514,87.775,78.434,68.210,56.604,45.984,
GCAM4,SSP4-60,World,CMIP6 Emissions|NOx,Mt NOx/yr,155.520,152.852,151.202,144.724,133.616,122.959,112.201,96.906,85.029,74.649,
IMAGE,SSP1-19,World,CMIP6 Emissions|NOx,Mt NOx/yr,155.520,145.447,86.683,64.429,49.053,44.475,42.581,40.306,38.465,37.368,
IMAGE,SSP1-26,World,CMIP6 Emissions|NOx,Mt NOx/yr,155.520,144.439,109.505,92.727,74.478,67.256,59.284,49.772,44.532,41.230,
MESSAGE-GLOBIOM,SSP2-45,World,CMIP6 Emissions|NOx,Mt NOx/yr,155.498,148.069,142.055,128.069,116.767,106.745,96.224,90.095,83.040,77.692,
REMIND-MAGPIE,SSP5-34-OS,World,CMIP6 Emissions|NOx,Mt NOx/yr,155.520,162.672,162.370,169.626,124.159,94.702,69.072,54.177,48.633,44.905,
REMIND-MAGPIE,SSP5-85 (Baseline),World,CMIP6 Emissions|NOx,Mt NOx/yr,155.520,162.672,162.370,169.626,161.214,164.962,157.301,145.374,123.551,98.731,
