Model,Scenario,Region,Variable,Unit,2015,2020,2030,2040,2050,2060,2070,2080,2090,2100,Notes
AIM/CGE,SSP3-70 (Baseline),World,CMIP6 Emissions|OC,Mt OC/yr,34.746,35.840,37.483,38.294,38.379,37.542,36.561,35.557,34.750,33.748,
AIM/CGE,SSP3-LowNTCF,World,CMIP6 Emissions|OC,Mt OC/yr,34.746,34.207,32.013,27.466,22.248,20.928,19.563,18.319,17.149,15.984,
GCAM4,SSP4-34,World,CMIP6 Emissions|OC,Mt OC/yr,34.746,36.151,37.093,36.985,34.900,33.040,33.475,32.460,26.782,22.133,
GCAM4,SSP4-60,World,CMIP6 Emissions|OC,Mt OC/yr,34.746,36.151,35.115,34.895,33.803,30.972,28.464,25.519,23.049,21.969,
IMAGE,SSP1-19,World,CMIP6 Emissions|OC,Mt OC/yr,34.746,29.146,20.816,20.642,17.392,16.220,15.569,14.532,13.967,12.940,
IMAGE,SSP1-26,World,CMIP6 Emissions|OC,Mt OC/yr,34.746,29.103,21.554,19.796,18.229,16.973,16.578,15.762,14.855,13.088,
MESSAGE-GLOBIOM,SSP2-45,World,CMIP6 Emissions|OC,Mt OC/yr,34.746,33.415,31.741,29.715,26.867,24.089,21.129,18.127,15.695,14.540,
REMIND-MAGPIE,SSP5-34-OS,World,CMIP6 Emissions|OC,Mt OC/yr,34.746,30.932,24.403,21.338,18.644,17.096,16.047,15.568,14.944,14.797,
REMIND-MAGPIE,SSP5-85 (Baseline),World,CMIP6 Emissions|OC,Mt OC/yr,34.746,30.932,24.403,21.338,20.333,19.766,19.360,18.942,18.218,17.603,
