Model,Scenario,Region,Variable,Unit,2015,2020,2030,2040,2050,2060,2070,2080,2090,2100,Notes
AIM/CGE,SSP3-70 (Baseline),World,CMIP6 Emissions|Sulfur,Mt SO2/yr,100.745,98.602,99.222,99.571,99.778,95.883,91.855,87.403,83.616,78.147,
AIM/CGE,SSP3-LowNTCF,World,CMIP6 Emissions|Sulfur,Mt SO2/yr,100.745,92.535,77.495,64.249,45.982,43.247,40.547,37.587,34.924,32.087,
GCAM4,SSP4-34,World,CMIP6 Emissions|Sulfur,Mt SO2/yr,100.771,88.191,71.559,55.441,39.392,30.996,25.882,21.937,19.449,17.862,
GCAM4,SSP4-60,World,CMIP6 Emissions|Sulfur,Mt SO2/yr,100.771,88.191,89.696,85.841,78.388,70.851,61.667,48.568,38.758,31.454,
IMAGE,SSP1-19,World,CMIP6 Emissions|Sulfur,Mt SO2/yr,100.771,79.549,36.456,23.623,21.628,20.670,18.406,15.504,12.622,9.461,
IMAGE,SSP1-26,World,CMIP6 Emissions|Sulfur,Mt SO2/yr,100.771,80.132,51.737,35.082,26.731,22.040,17.748,13.261,10.303,8.070,
MESSAGE-GLOBIOM,SSP2-45,World,CMIP6 Emissions|Sulfur,Mt SO2/yr,100.745,80.081,78.933,66.501,53.299,46.002,41.915,38.506,33.161,30.822,
REMIND-MAGPIE,SSP5-34-OS,World,CMIP6 Emissions|Sulfur,Mt SO2/yr,100.771,80.151,71.509,71.474,38.148,25.582,18.048,13.958,12.174,11.333,
REMIND-MAGPIE,SSP5-85 (Baseline),World,CMIP6 Emissions|Sulfur,Mt SO2/yr,100.771,80.151,71.509,71.474,60.442,63.866,61.398,53.294,41.935,29.515,
