year,AS-RCEC_TaiESM1_r1i1p1f1,CNRM-CERFACS_CNRM-CM6-1-HR_r1i1p1f2,CNRM-CERFACS_CNRM-CM6-1_r1i1p1f2,IPSL_IPSL-CM6A-LR_r1i1p1f1,MOHC_UKESM1-0-LL_r1i1p1f2,MOHC_UKESM1-0-LL_r2i1p1f2,MOHC_UKESM1-0-LL_r3i1p1f2,MOHC_UKESM1-0-LL_r4i1p1f2,MPI-M_MPI-ESM1-2-HR_r1i1p1f1,MPI-M_MPI-ESM1-2-LR_r1i1p1f1,NCAR_CESM2-FV2_r1i1p1f1,NCAR_CESM2-WACCM-FV2_r1i1p1f1,NCAR_CESM2-WACCM_r1i1p1f1,NCAR_CESM2_r1i1p1f1,NCC_NorCPM1_r1i1p1f1,NCC_NorESM2-LM_r1i1p1f1,NCC_NorESM2-MM_r1i1p1f1,NOAA-GFDL_GFDL-CM4_r1i1p1f1,NOAA-GFDL_GFDL-ESM4_r1i1p1f1,SNU_SAM0-UNICON_r1i1p1f1,MRI_MRI-ESM2-0_r1i2p1f1
1,1461410800000000.0,,,,,,,,,,2226581800000000.0,2227107100000000.0,2227107100000000.0,2226581800000000.0,1461410800000000.0,1455701200000000.0,1455701200000000.0,2225267300000000.0,2220594600000000.0,,
2,1476024800000000.0,,,,,,,,,,2246512200000000.0,2247440800000000.0,2247441000000000.0,2246512200000000.0,1476024800000000.0,1468731600000000.0,1468731600000000.0,2247616000000000.0,2229343600000000.0,,
3,1490785200000000.0,,,,,,,,,,2268978300000000.0,2269873600000000.0,2269873600000000.0,2268978300000000.0,1490785200000000.0,1483419300000000.0,1483419300000000.0,2270095800000000.0,2248334400000000.0,,
4,1505693000000000.0,,,,,,,,,,2291667800000000.0,2292593400000000.0,2292593700000000.0,2291667800000000.0,1505693000000000.0,1498253700000000.0,1498253700000000.0,2292732700000000.0,2267900300000000.0,,
5,1520750100000000.0,,,,,,,,,,2314583400000000.0,2315540600000000.0,2315540600000000.0,2314583400000000.0,1520750100000000.0,1513235200000000.0,1513235200000000.0,2315695000000000.0,2289966800000000.0,,
6,1535957500000000.0,,,,,,,,,,2337729000000000.0,2338696000000000.0,2338696000000000.0,2337729000000000.0,1535957500000000.0,1528367300000000.0,1528367300000000.0,2338868700000000.0,2310170600000000.0,,
7,1551317000000000.0,,,,,,,,,,2361107800000000.0,2362039500000000.0,2362039500000000.0,2361107800000000.0,1551317000000000.0,1543652000000000.0,1543652000000000.0,2362264800000000.0,2330885200000000.0,,
8,1566830200000000.0,,,,,,,,,,2384718000000000.0,2385681700000000.0,2385681700000000.0,2384718000000000.0,1566830200000000.0,1559088000000000.0,1559088000000000.0,2385826000000000.0,2353319000000000.0,,
9,1582498600000000.0,,,,,,,,,,2408565000000000.0,2409561200000000.0,2409560700000000.0,2408565000000000.0,1582498600000000.0,1574678900000000.0,1574678900000000.0,2409733800000000.0,2375416800000000.0,,
10,1598323400000000.0,,,,,,,,,,2432651000000000.0,2433656500000000.0,2433656500000000.0,2432651000000000.0,1598323400000000.0,1590426000000000.0,1590426000000000.0,2433901000000000.0,2394915000000000.0,,
11,1614306800000000.0,,,,,,,,,,2456978200000000.0,2457948000000000.0,2457948300000000.0,2456978200000000.0,1614306800000000.0,1606330500000000.0,1606330500000000.0,2458268800000000.0,2422328000000000.0,,
12,1630449700000000.0,,,,,,,,,,2481547000000000.0,2482550000000000.0,2482550200000000.0,2481547000000000.0,1630449700000000.0,1622393300000000.0,1622393300000000.0,2482821300000000.0,2451469000000000.0,,
13,1646754200000000.0,,,,,,,,,,2506362000000000.0,2507399000000000.0,2507399000000000.0,2506362000000000.0,1646754200000000.0,1638617000000000.0,1638617000000000.0,2507670600000000.0,2470014500000000.0,,
14,1663221900000000.0,,,,,,,,,,2531426000000000.0,2532473000000000.0,2532473000000000.0,2531426000000000.0,1663221900000000.0,1655003500000000.0,1655003500000000.0,2532701700000000.0,2489480400000000.0,,
15,1679854000000000.0,,,,,,,,,,2556741100000000.0,2557750500000000.0,2557750500000000.0,2556741100000000.0,1679854000000000.0,1671554000000000.0,1671554000000000.0,2558035000000000.0,2514836500000000.0,,
16,1696652700000000.0,,,,,,,,,,2582309000000000.0,2583351700000000.0,2583351700000000.0,2582309000000000.0,1696652700000000.0,1688269600000000.0,1688269600000000.0,2583582300000000.0,2542906500000000.0,,
17,1713619100000000.0,,,,,,,,,,2608131500000000.0,2609209300000000.0,2609209300000000.0,2608131500000000.0,1713619100000000.0,1705152100000000.0,1705152100000000.0,2609527000000000.0,2575463700000000.0,,
18,1730755300000000.0,,,,,,,,,,2634212000000000.0,2635301500000000.0,2635301500000000.0,2634212000000000.0,1730755300000000.0,1722202800000000.0,1722202800000000.0,2635741700000000.0,2593597600000000.0,,
19,1748062800000000.0,,,,,,,,,,2660554000000000.0,2661605500000000.0,2661605200000000.0,2660554000000000.0,1748062800000000.0,1739425100000000.0,1739425100000000.0,2661878700000000.0,2615367500000000.0,,
20,1765543600000000.0,,,,,,,,,,2687160000000000.0,2688246000000000.0,2688245800000000.0,2687160000000000.0,1765543600000000.0,1756819500000000.0,1756819500000000.0,2688602300000000.0,2638722000000000.0,,
21,1783199000000000.0,,,,,,,,,,2714032500000000.0,2715153800000000.0,2715153500000000.0,2714032500000000.0,1783199000000000.0,1774388300000000.0,1774388300000000.0,2715533600000000.0,2662897400000000.0,,
22,1801031000000000.0,,,,,,,,,,2741170800000000.0,2742305200000000.0,2742305200000000.0,2741170800000000.0,1801031000000000.0,1792131000000000.0,1792131000000000.0,2742680000000000.0,2694433000000000.0,,
23,1819041200000000.0,,,,,,,,,,2768583000000000.0,2769677000000000.0,2769677000000000.0,2768583000000000.0,1819041200000000.0,1810052600000000.0,1810052600000000.0,2770105700000000.0,2721003800000000.0,,
24,1837231500000000.0,,,,,,,,,,2796269900000000.0,2797399700000000.0,2797399400000000.0,2796269900000000.0,1837231500000000.0,1828153900000000.0,1828153900000000.0,2797829700000000.0,2748195000000000.0,,
25,1855604100000000.0,,,,,,,,,,2824231700000000.0,2825399700000000.0,2825399700000000.0,2824231700000000.0,1855604100000000.0,1846434900000000.0,1846434900000000.0,2825751900000000.0,2774567400000000.0,,
26,1874160000000000.0,,,,,,,,,,2852474600000000.0,2853653800000000.0,2853653800000000.0,2852474600000000.0,1874160000000000.0,1864899500000000.0,1864899500000000.0,2854049500000000.0,2798124800000000.0,,
27,1892901600000000.0,,,,,,,,,,2880998600000000.0,2882137300000000.0,2882137000000000.0,2880998600000000.0,1892901600000000.0,1883547800000000.0,1883547800000000.0,2882568600000000.0,2824564000000000.0,,
28,1911830600000000.0,,,,,,,,,,2909809500000000.0,2910985500000000.0,2910985500000000.0,2909809500000000.0,1911830600000000.0,1902383800000000.0,1902383800000000.0,2911436200000000.0,2856283000000000.0,,
29,1930949000000000.0,,,,,,,,,,2938908400000000.0,2940122300000000.0,2940122300000000.0,2938908400000000.0,1930949000000000.0,1921408200000000.0,1921408200000000.0,2940609200000000.0,2885682800000000.0,,
30,1950258300000000.0,,,,,,,,,,2968295000000000.0,2969523500000000.0,2969523500000000.0,2968295000000000.0,1950258300000000.0,1940620800000000.0,1940620800000000.0,2969992200000000.0,2912981300000000.0,,
31,1969761000000000.0,,,,,,,,,,2997978400000000.0,2999163000000000.0,2999163000000000.0,2997978400000000.0,1969761000000000.0,1960027500000000.0,1960027500000000.0,2999802500000000.0,2938675000000000.0,,
32,1989458800000000.0,,,,,,,,,,3027960300000000.0,3029183300000000.0,3029182700000000.0,3027960300000000.0,1989458800000000.0,1979629000000000.0,1979629000000000.0,3029747200000000.0,2976204000000000.0,,
33,2009353100000000.0,,,,,,,,,,3058239000000000.0,3059503000000000.0,3059503000000000.0,3058239000000000.0,2009353100000000.0,1999424400000000.0,1999424400000000.0,3060090400000000.0,2999525400000000.0,,
34,2029446700000000.0,,,,,,,,,,3088821600000000.0,3090098000000000.0,3090098000000000.0,3088821600000000.0,2029446700000000.0,2019419000000000.0,2019419000000000.0,3090661400000000.0,3024965000000000.0,,
35,2049741300000000.0,,,,,,,,,,3119710400000000.0,3120941500000000.0,3120941500000000.0,3119710400000000.0,2049741300000000.0,2039613800000000.0,2039613800000000.0,3121576900000000.0,3066489300000000.0,,
36,2070238500000000.0,,,,,,,,,,3150907500000000.0,3152180400000000.0,3152179800000000.0,3150907500000000.0,2070238500000000.0,2060009800000000.0,2060009800000000.0,3152804200000000.0,3100710000000000.0,,
37,2090941100000000.0,,,,,,,,,,3182415300000000.0,3183731200000000.0,3183731200000000.0,3182415300000000.0,2090941100000000.0,2080609300000000.0,2080609300000000.0,3184378000000000.0,3126799500000000.0,,
38,2111850500000000.0,,,,,,,,,,3214238400000000.0,3215568700000000.0,3215568200000000.0,3214238400000000.0,2111850500000000.0,2101414800000000.0,2101414800000000.0,3216293800000000.0,3153615200000000.0,,
39,2132969200000000.0,,,,,,,,,,3246380800000000.0,3247664200000000.0,3247664200000000.0,3246380800000000.0,2132969200000000.0,2122428600000000.0,2122428600000000.0,3248382800000000.0,3185410800000000.0,,
40,2154298300000000.0,,,,,,,,,,3278845400000000.0,3280171000000000.0,3280171000000000.0,3278845400000000.0,2154298300000000.0,2143653100000000.0,2143653100000000.0,3280826000000000.0,3218838800000000.0,,
41,2175841600000000.0,,,,,,,,,,3311633700000000.0,3313003600000000.0,3313003800000000.0,3311633700000000.0,2175841600000000.0,2165089900000000.0,2165089900000000.0,3313709300000000.0,3251483800000000.0,,
42,2197600000000000.0,,,,,,,,,,3344750600000000.0,3346133600000000.0,3346133600000000.0,3344750600000000.0,2197600000000000.0,2186740900000000.0,2186740900000000.0,3346862700000000.0,3284566300000000.0,,
43,2219575900000000.0,,,,,,,,,,3378198700000000.0,3379532600000000.0,3379533000000000.0,3378198700000000.0,2219575900000000.0,2208608700000000.0,2208608700000000.0,3380307000000000.0,3315835300000000.0,,
44,2241771600000000.0,,,,,,,,,,3411981000000000.0,3413359500000000.0,3413359000000000.0,3411981000000000.0,2241771600000000.0,2230695300000000.0,2230695300000000.0,3414103000000000.0,3350604700000000.0,,
45,2264189200000000.0,,,,,,,,,,3446099200000000.0,3447524300000000.0,3447524300000000.0,3446099200000000.0,2264189200000000.0,2253001000000000.0,2253001000000000.0,3448304000000000.0,3385310000000000.0,,
46,2286831200000000.0,,,,,,,,,,3480561800000000.0,3481999800000000.0,3482000000000000.0,3480561800000000.0,2286831200000000.0,2275532200000000.0,2275532200000000.0,3482882400000000.0,3409015400000000.0,,
47,2309699700000000.0,,,,,,,,,,3515366600000000.0,3516755000000000.0,3516755000000000.0,3515366600000000.0,2309699700000000.0,2298287200000000.0,2298287200000000.0,3517706800000000.0,3442888700000000.0,,
48,2332796700000000.0,,,,,,,,,,3550519800000000.0,3551955400000000.0,3551954900000000.0,3550519800000000.0,2332796700000000.0,2321269600000000.0,2321269600000000.0,3553037200000000.0,3488464500000000.0,,
49,2356124600000000.0,,,,,,,,,,3586025200000000.0,3587507800000000.0,3587507800000000.0,3586025200000000.0,2356124600000000.0,2344482800000000.0,2344482800000000.0,3588422400000000.0,3531379800000000.0,,
50,2379686000000000.0,,,,,,,,,,3621886000000000.0,3623383400000000.0,3623383400000000.0,3621886000000000.0,2379686000000000.0,2367927700000000.0,2367927700000000.0,3624324300000000.0,3563247400000000.0,,
51,2403482500000000.0,,,,,,,,,,3658106300000000.0,3659616800000000.0,3659617000000000.0,3658106300000000.0,2403482500000000.0,2391607700000000.0,2391607700000000.0,3660722800000000.0,3583798800000000.0,,
52,2427517400000000.0,,,,,,,,,,3694686300000000.0,3696282000000000.0,3696282000000000.0,3694686300000000.0,2427517400000000.0,2415522600000000.0,2415522600000000.0,3697397000000000.0,3620154700000000.0,,
53,2451792800000000.0,,,,,,,,,,3731632700000000.0,3733278700000000.0,3733278700000000.0,3731632700000000.0,2451792800000000.0,2439678000000000.0,2439678000000000.0,3734298200000000.0,3669341200000000.0,,
54,2476310400000000.0,,,,,,,,,,3768948700000000.0,3770611700000000.0,3770611000000000.0,3768948700000000.0,2476310400000000.0,2464074500000000.0,2464074500000000.0,3771613500000000.0,3694334000000000.0,,
55,2501073500000000.0,,,,,,,,,,3806637800000000.0,3808246300000000.0,3808246300000000.0,3806637800000000.0,2501073500000000.0,2488715300000000.0,2488715300000000.0,3809400000000000.0,3728072100000000.0,,
56,2526084500000000.0,,,,,,,,,,3844703600000000.0,3846365700000000.0,3846366300000000.0,3844703600000000.0,2526084500000000.0,2513602000000000.0,2513602000000000.0,3847424500000000.0,3776287000000000.0,,
57,2551345300000000.0,,,,,,,,,,3883150800000000.0,3884864500000000.0,3884864800000000.0,3883150800000000.0,2551345300000000.0,2538738300000000.0,2538738300000000.0,3885899800000000.0,3816560800000000.0,,
58,2576858800000000.0,,,,,,,,,,3921984000000000.0,3923713500000000.0,3923713500000000.0,3921984000000000.0,2576858800000000.0,2564126600000000.0,2564126600000000.0,3924860300000000.0,3852264300000000.0,,
59,2602627500000000.0,,,,,,,,,,3961203500000000.0,3962877000000000.0,3962877000000000.0,3961203500000000.0,2602627500000000.0,2589767800000000.0,2589767800000000.0,3964103400000000.0,3891844600000000.0,,
60,2628654000000000.0,,,,,,,,,,4000814600000000.0,4002543600000000.0,4002544200000000.0,4000814600000000.0,2628654000000000.0,2615665000000000.0,2615665000000000.0,4003614700000000.0,3941366000000000.0,,
61,2654940500000000.0,,,,,,,,,,4040823300000000.0,4042605500000000.0,4042605800000000.0,4040823300000000.0,2654940500000000.0,2641821800000000.0,2641821800000000.0,4043945500000000.0,3979018800000000.0,,
62,2681489300000000.0,,,,,,,,,,4081232300000000.0,4083032100000000.0,4083032000000000.0,4081232300000000.0,2681489300000000.0,2668240000000000.0,2668240000000000.0,4084396600000000.0,4002543000000000.0,,
63,2708304400000000.0,,,,,,,,,,4122044000000000.0,4123785200000000.0,4123785000000000.0,4122044000000000.0,2708304400000000.0,2694922600000000.0,2694922600000000.0,4124928700000000.0,4041557800000000.0,,
64,2735387600000000.0,,,,,,,,,,4163265300000000.0,4165063000000000.0,4165063000000000.0,4163265300000000.0,2735387600000000.0,2721872200000000.0,2721872200000000.0,4166321200000000.0,4086012600000000.0,,
65,2762741700000000.0,,,,,,,,,,4204898600000000.0,4206752000000000.0,4206752000000000.0,4204898600000000.0,2762741700000000.0,2749091300000000.0,2749091300000000.0,4208127400000000.0,4128368000000000.0,,
66,2790368600000000.0,,,,,,,,,,4246946600000000.0,4248819200000000.0,4248819200000000.0,4246946600000000.0,2790368600000000.0,2776581700000000.0,2776581700000000.0,4250166800000000.0,4171582500000000.0,,
67,2818272400000000.0,,,,,,,,,,4289416900000000.0,4291227500000000.0,4291227700000000.0,4289416900000000.0,2818272400000000.0,2804348000000000.0,2804348000000000.0,4292612600000000.0,4220684000000000.0,,
68,2846455000000000.0,,,,,,,,,,4332310000000000.0,4334181400000000.0,4334181400000000.0,4332310000000000.0,2846455000000000.0,2832390500000000.0,2832390500000000.0,4335704800000000.0,4266236400000000.0,,
69,2874919800000000.0,,,,,,,,,,4375633000000000.0,4377562700000000.0,4377562700000000.0,4375633000000000.0,2874919800000000.0,2860714800000000.0,2860714800000000.0,4379214400000000.0,4299601800000000.0,,
70,2903669300000000.0,,,,,,,,,,4419388000000000.0,4421338400000000.0,4421338400000000.0,4419388000000000.0,2903669300000000.0,2889320300000000.0,2889320300000000.0,4422731800000000.0,4338174700000000.0,,
71,2932705700000000.0,,,,,,,,,,4463582600000000.0,4465468600000000.0,4465468000000000.0,4463582600000000.0,2932705700000000.0,2918214500000000.0,2918214500000000.0,4467058000000000.0,4386887000000000.0,,
72,2962032500000000.0,,,,,,,,,,4508219000000000.0,4510166600000000.0,4510166600000000.0,4508219000000000.0,2962032500000000.0,2947397000000000.0,2947397000000000.0,4511781500000000.0,4435157000000000.0,,
73,2991653000000000.0,,,,,,,,,,4553300500000000.0,4555309000000000.0,4555309000000000.0,4553300500000000.0,2991653000000000.0,2976870800000000.0,2976870800000000.0,4556872000000000.0,4468019800000000.0,,
74,3021569600000000.0,,,,,,,,,,4598837000000000.0,4600863000000000.0,4600863000000000.0,4598837000000000.0,3021569600000000.0,3006641400000000.0,3006641400000000.0,4602516500000000.0,4510366000000000.0,,
75,3051785500000000.0,,,,,,,,,,4644824000000000.0,4646784700000000.0,4646784700000000.0,4644824000000000.0,3051785500000000.0,3036707000000000.0,3036707000000000.0,4648681000000000.0,4565504600000000.0,,
76,3082303000000000.0,,,,,,,,,,4691268000000000.0,4693297600000000.0,4693297600000000.0,4691268000000000.0,3082303000000000.0,3067071600000000.0,3067071600000000.0,4695167500000000.0,4609268700000000.0,,
77,3113126200000000.0,,,,,,,,,,4738180500000000.0,4740273000000000.0,4740273000000000.0,4738180500000000.0,3113126200000000.0,3097742200000000.0,3097742200000000.0,4742118500000000.0,4659339000000000.0,,
78,3144257200000000.0,,,,,,,,,,4785562600000000.0,4787676000000000.0,4787676000000000.0,4785562600000000.0,3144257200000000.0,3128719400000000.0,3128719400000000.0,4789646600000000.0,4718457500000000.0,,
79,3175700200000000.0,,,,,,,,,,4833420400000000.0,4835462600000000.0,4835462600000000.0,4833420400000000.0,3175700200000000.0,3160008200000000.0,3160008200000000.0,4837426500000000.0,4748962500000000.0,,
80,3207457100000000.0,,,,,,,,,,4881755000000000.0,4883865000000000.0,4883864000000000.0,4881755000000000.0,3207457100000000.0,3191608500000000.0,3191608500000000.0,4885964000000000.0,4792347600000000.0,,
81,3239531400000000.0,,,,,,,,,,4930574700000000.0,4932748000000000.0,4932747400000000.0,4930574700000000.0,3239531400000000.0,3223526200000000.0,3223526200000000.0,4934886300000000.0,4852213000000000.0,,
82,3271927300000000.0,,,,,,,,,,4979877700000000.0,4982074600000000.0,4982074600000000.0,4979877700000000.0,3271927300000000.0,3255760000000000.0,3255760000000000.0,4984192000000000.0,4898071400000000.0,,
83,3304645800000000.0,,,,,,,,,,5029678000000000.0,5031801700000000.0,5031801700000000.0,5029678000000000.0,3304645800000000.0,3288318200000000.0,3288318200000000.0,5034010400000000.0,4951913000000000.0,,
84,3337692400000000.0,,,,,,,,,,5079973500000000.0,5082168000000000.0,5082168000000000.0,5079973500000000.0,3337692400000000.0,3321200800000000.0,3321200800000000.0,5084415000000000.0,5007730500000000.0,,
85,3371069600000000.0,,,,,,,,,,5130773000000000.0,5133037000000000.0,5133036000000000.0,5130773000000000.0,3371069600000000.0,3354412100000000.0,3354412100000000.0,5135415600000000.0,5048602500000000.0,,
86,3404780300000000.0,,,,,,,,,,5182081500000000.0,5184366400000000.0,5184367000000000.0,5182081500000000.0,3404780300000000.0,3387957200000000.0,3387957200000000.0,5186581600000000.0,5097547000000000.0,,
87,3438827600000000.0,,,,,,,,,,5233903500000000.0,5236113300000000.0,5236113000000000.0,5233903500000000.0,3438827600000000.0,3421837200000000.0,3421837200000000.0,5238604400000000.0,5155505000000000.0,,
88,3473216600000000.0,,,,,,,,,,5286243000000000.0,5288525000000000.0,5288525000000000.0,5286243000000000.0,3473216600000000.0,3456055800000000.0,3456055800000000.0,5291085000000000.0,5195018000000000.0,,
89,3507949000000000.0,,,,,,,,,,5339104400000000.0,5341458000000000.0,5341458600000000.0,5339104400000000.0,3507949000000000.0,3490616300000000.0,3490616300000000.0,5344027600000000.0,5248560000000000.0,,
90,3543028300000000.0,,,,,,,,,,5392497000000000.0,5394873000000000.0,5394873500000000.0,5392497000000000.0,3543028300000000.0,3525522800000000.0,3525522800000000.0,5397751000000000.0,5319506500000000.0,,
91,3578458300000000.0,,,,,,,,,,5446419000000000.0,5448720000000000.0,5448720000000000.0,5446419000000000.0,3578458300000000.0,3560776200000000.0,3560776200000000.0,5451443000000000.0,5383007000000000.0,,
92,3614243000000000.0,,,,,,,,,,5500885000000000.0,5503260000000000.0,5503260000000000.0,5500885000000000.0,3614243000000000.0,3596384700000000.0,3596384700000000.0,5505767400000000.0,5435170500000000.0,,
93,3650384800000000.0,,,,,,,,,,5555891300000000.0,5558343000000000.0,5558343000000000.0,5555891300000000.0,3650384800000000.0,3632347500000000.0,3632347500000000.0,5560829400000000.0,5491100000000000.0,,
94,3686889000000000.0,,,,,,,,,,5611449400000000.0,5613926500000000.0,5613926500000000.0,5611449400000000.0,3686889000000000.0,3668670000000000.0,3668670000000000.0,5616480000000000.0,5541661500000000.0,,
95,3723757900000000.0,,,,,,,,,,5667564000000000.0,5669960000000000.0,5669960000000000.0,5667564000000000.0,3723757900000000.0,3705357400000000.0,3705357400000000.0,5672913000000000.0,5577999000000000.0,,
96,3760995500000000.0,,,,,,,,,,5724239000000000.0,5726714500000000.0,5726715000000000.0,5724239000000000.0,3760995500000000.0,3742410400000000.0,3742410400000000.0,5729591600000000.0,5630203400000000.0,,
97,3798605400000000.0,,,,,,,,,,5781483000000000.0,5784034000000000.0,5784034000000000.0,5781483000000000.0,3798605400000000.0,3779835000000000.0,3779835000000000.0,5786915500000000.0,5698471300000000.0,,
98,3836591500000000.0,,,,,,,,,,5839297400000000.0,5841874400000000.0,5841874400000000.0,5839297400000000.0,3836591500000000.0,3817634000000000.0,3817634000000000.0,5845203000000000.0,5745831000000000.0,,
99,3874957300000000.0,,,,,,,,,,5897690700000000.0,5900183000000000.0,5900183000000000.0,5897690700000000.0,3874957300000000.0,3855810000000000.0,3855810000000000.0,5903617000000000.0,5806961700000000.0,,
100,3913707000000000.0,,,,,,,,,,5956668700000000.0,5959242400000000.0,5959242400000000.0,5956668700000000.0,3913707000000000.0,3894369300000000.0,3894369300000000.0,5962640300000000.0,5874317500000000.0,,
101,3952844200000000.0,,,,,,,,,,6016235600000000.0,6018889300000000.0,6018889300000000.0,6016235600000000.0,3952844200000000.0,3933312800000000.0,3933312800000000.0,6022240500000000.0,5923746700000000.0,,
102,3992372600000000.0,,,,,,,,,,6076398000000000.0,6079078000000000.0,6079078000000000.0,6076398000000000.0,3992372600000000.0,3972645800000000.0,3972645800000000.0,6082430000000000.0,5983736000000000.0,,
103,4032296000000000.0,,,,,,,,,,6137161000000000.0,6139754500000000.0,6139754000000000.0,6137161000000000.0,4032296000000000.0,4012372100000000.0,4012372100000000.0,6143233500000000.0,6054098000000000.0,,
104,4072619300000000.0,,,,,,,,,,6198534000000000.0,6201211000000000.0,6201211000000000.0,6198534000000000.0,4072619300000000.0,4052496300000000.0,4052496300000000.0,6204945700000000.0,6121846000000000.0,,
105,4113345700000000.0,,,,,,,,,,6260520400000000.0,6263280000000000.0,6263280000000000.0,6260520400000000.0,4113345700000000.0,4093022200000000.0,4093022200000000.0,6266986000000000.0,6165063000000000.0,,
106,4154479000000000.0,,,,,,,,,,6323125500000000.0,6325913400000000.0,6325913000000000.0,6323125500000000.0,4154479000000000.0,4133952000000000.0,4133952000000000.0,6329916000000000.0,6220375400000000.0,,
107,4196024000000000.0,,,,,,,,,,6386354400000000.0,6389053000000000.0,6389053000000000.0,6386354400000000.0,4196024000000000.0,4175290000000000.0,4175290000000000.0,6393000300000000.0,6294972000000000.0,,
108,4237983800000000.0,,,,,,,,,,6450220000000000.0,6453005300000000.0,6453005300000000.0,6450220000000000.0,4237983800000000.0,4217044500000000.0,4217044500000000.0,6456907000000000.0,6377657600000000.0,,
109,4280363600000000.0,,,,,,,,,,6514719700000000.0,6517594000000000.0,6517595000000000.0,6514719700000000.0,4280363600000000.0,4259213000000000.0,4259213000000000.0,6521583600000000.0,6426207000000000.0,,
110,4323167200000000.0,,,,,,,,,,6579870000000000.0,6582770000000000.0,6582770000000000.0,6579870000000000.0,4323167200000000.0,4301807000000000.0,4301807000000000.0,6586791400000000.0,6485765000000000.0,,
111,4366399000000000.0,,,,,,,,,,6645667300000000.0,6648473500000000.0,6648474000000000.0,6645667300000000.0,4366399000000000.0,4344824400000000.0,4344824400000000.0,6652882300000000.0,6554329000000000.0,,
112,4410062800000000.0,,,,,,,,,,6712123000000000.0,6715023000000000.0,6715023000000000.0,6712123000000000.0,4410062800000000.0,4388271400000000.0,4388271400000000.0,6719390000000000.0,6623819000000000.0,,
113,4454163500000000.0,,,,,,,,,,6779243000000000.0,6782234400000000.0,6782234400000000.0,6779243000000000.0,4454163500000000.0,4432154700000000.0,4432154700000000.0,6786432000000000.0,6683879000000000.0,,
114,4498705500000000.0,,,,,,,,,,6847035000000000.0,6850058000000000.0,6850058000000000.0,6847035000000000.0,4498705500000000.0,4476475600000000.0,4476475600000000.0,6854411000000000.0,6744008700000000.0,,
115,4543692600000000.0,,,,,,,,,,6915509400000000.0,6918429400000000.0,6918429400000000.0,6915509400000000.0,4543692600000000.0,4521242000000000.0,4521242000000000.0,6923214600000000.0,6809589000000000.0,,
116,4589129600000000.0,,,,,,,,,,6984664000000000.0,6987680400000000.0,6987680400000000.0,6984664000000000.0,4589129600000000.0,4566454300000000.0,4566454300000000.0,6992692000000000.0,6890111600000000.0,,
117,4635021000000000.0,,,,,,,,,,7054509000000000.0,7057622000000000.0,7057621000000000.0,7054509000000000.0,4635021000000000.0,4612118400000000.0,4612118400000000.0,7062834000000000.0,6959025500000000.0,,
118,4681371000000000.0,,,,,,,,,,7125056500000000.0,7128196700000000.0,7128196700000000.0,7125056500000000.0,4681371000000000.0,4658242000000000.0,4658242000000000.0,7133169000000000.0,7029705600000000.0,,
119,4728184000000000.0,,,,,,,,,,7196307400000000.0,7199345000000000.0,7199345000000000.0,7196307400000000.0,4728184000000000.0,4704823700000000.0,4704823700000000.0,7204859000000000.0,7089502000000000.0,,
120,4775466000000000.0,,,,,,,,,,7268270000000000.0,7271408000000000.0,7271408000000000.0,7268270000000000.0,4775466000000000.0,4751871300000000.0,4751871300000000.0,7276594000000000.0,7150750600000000.0,,
121,4823221000000000.0,,,,,,,,,,7340949000000000.0,7344188500000000.0,7344188500000000.0,7340949000000000.0,4823221000000000.0,4799388000000000.0,4799388000000000.0,7349460000000000.0,7241783500000000.0,,
122,4871453400000000.0,,,,,,,,,,7414357000000000.0,7417630000000000.0,7417630000000000.0,7414357000000000.0,4871453400000000.0,4847381000000000.0,4847381000000000.0,7423319000000000.0,7324523400000000.0,,
123,4920168000000000.0,,,,,,,,,,7488501000000000.0,7491668000000000.0,7491667000000000.0,7488501000000000.0,4920168000000000.0,4895855000000000.0,4895855000000000.0,7497383000000000.0,7401736000000000.0,,
124,4969369500000000.0,,,,,,,,,,7563390700000000.0,7566656500000000.0,7566657000000000.0,7563390700000000.0,4969369500000000.0,4944817000000000.0,4944817000000000.0,7572453000000000.0,7460375400000000.0,,
125,5019063000000000.0,,,,,,,,,,7639024500000000.0,7642392300000000.0,7642392300000000.0,7639024500000000.0,5019063000000000.0,4994264000000000.0,4994264000000000.0,7648074000000000.0,7523366000000000.0,,
126,5069254000000000.0,,,,,,,,,,7715416400000000.0,7718816000000000.0,7718816000000000.0,7715416400000000.0,5069254000000000.0,5044207700000000.0,5044207700000000.0,7724604400000000.0,7604968000000000.0,,
127,5119946000000000.0,,,,,,,,,,7792565300000000.0,7795858000000000.0,7795858000000000.0,7792565300000000.0,5119946000000000.0,5094647000000000.0,5094647000000000.0,7801997600000000.0,7689634000000000.0,,
128,5171145500000000.0,,,,,,,,,,7870494000000000.0,7873893000000000.0,7873893000000000.0,7870494000000000.0,5171145500000000.0,5145596000000000.0,5145596000000000.0,7879944300000000.0,7774397600000000.0,,
129,5222857000000000.0,,,,,,,,,,7949200600000000.0,7952703700000000.0,7952703700000000.0,7949200600000000.0,5222857000000000.0,5197052700000000.0,5197052700000000.0,7959354500000000.0,7860517600000000.0,,
130,5275086000000000.0,,,,,,,,,,8028690000000000.0,8032231000000000.0,8032231000000000.0,8028690000000000.0,5275086000000000.0,5249020700000000.0,5249020700000000.0,8039463700000000.0,7930202000000000.0,,
131,5327836600000000.0,,,,,,,,,,8108977000000000.0,8112401300000000.0,8112401300000000.0,8108977000000000.0,5327836600000000.0,5301511000000000.0,5301511000000000.0,8119213000000000.0,8000588300000000.0,,
132,5381115000000000.0,,,,,,,,,,8190066700000000.0,8193603600000000.0,8193603600000000.0,8190066700000000.0,5381115000000000.0,5354527000000000.0,5354527000000000.0,8200756300000000.0,8073548000000000.0,,
133,5434927000000000.0,,,,,,,,,,8271968000000000.0,8275615500000000.0,8275614400000000.0,8271968000000000.0,5434927000000000.0,5408072000000000.0,5408072000000000.0,8283018000000000.0,8157800000000000.0,,
134,5489275300000000.0,,,,,,,,,,8354689000000000.0,8358372000000000.0,8358372000000000.0,8354689000000000.0,5489275300000000.0,5462154000000000.0,5462154000000000.0,8365192400000000.0,8257414000000000.0,,
135,5544168000000000.0,,,,,,,,,,8438237000000000.0,8441797400000000.0,8441797400000000.0,8438237000000000.0,5544168000000000.0,5516775400000000.0,5516775400000000.0,8448873000000000.0,8331246000000000.0,,
136,5599610000000000.0,,,,,,,,,,8522619000000000.0,8526298000000000.0,8526297700000000.0,8522619000000000.0,5599610000000000.0,5571943000000000.0,5571943000000000.0,8534066000000000.0,8417234500000000.0,,
137,5655606000000000.0,,,,,,,,,,8607842500000000.0,8611638700000000.0,8611638700000000.0,8607842500000000.0,5655606000000000.0,5627661000000000.0,5627661000000000.0,8619417400000000.0,8501222600000000.0,,
138,5712162000000000.0,,,,,,,,,,8693916300000000.0,8697755500000000.0,8697755500000000.0,8693916300000000.0,5712162000000000.0,5683935000000000.0,5683935000000000.0,8705278000000000.0,8585378000000000.0,,
139,5769284000000000.0,,,,,,,,,,8780855000000000.0,8784569000000000.0,8784569000000000.0,8780855000000000.0,5769284000000000.0,5740774000000000.0,5740774000000000.0,8792668000000000.0,8661061000000000.0,,
140,5812053000000000.0,,,,,,,,,,8868666700000000.0,8872500000000000.0,8872500000000000.0,8868666700000000.0,5826976000000000.0,5798184000000000.0,5798184000000000.0,8880953500000000.0,8763427600000000.0,,
141,5814322000000000.0,,,,,,,,,,8957356700000000.0,8961306000000000.0,8961305400000000.0,8957356700000000.0,5885246000000000.0,5856168000000000.0,5856168000000000.0,8969521000000000.0,8865060000000000.0,,
142,5814322000000000.0,,,,,,,,,,9046929000000000.0,9050919000000000.0,9050919000000000.0,9046929000000000.0,5944099000000000.0,5914728000000000.0,5914728000000000.0,9059368000000000.0,8934386000000000.0,,
143,5814322000000000.0,,,,,,,,,,9137399000000000.0,9141257000000000.0,9141257000000000.0,9137399000000000.0,6003540000000000.0,5973876000000000.0,5973876000000000.0,9150225000000000.0,9027853000000000.0,,
144,5814322000000000.0,,,,,,,,,,9228776000000000.0,9232759000000000.0,9232759000000000.0,9228776000000000.0,6063575000000000.0,6033617000000000.0,6033617000000000.0,9241409000000000.0,9123779000000000.0,,
145,5814322000000000.0,,,,,,,,,,9321059000000000.0,9325171000000000.0,9325171000000000.0,9321059000000000.0,6124211000000000.0,6093951000000000.0,6093951000000000.0,9334145000000000.0,9209382000000000.0,,
146,5814322000000000.0,,,,,,,,,,9414270000000000.0,9418422000000000.0,9418422000000000.0,9414270000000000.0,6185453000000000.0,6154890000000000.0,6154890000000000.0,9427491000000000.0,9299416000000000.0,,
147,5814322000000000.0,,,,,,,,,,9508412000000000.0,9512429000000000.0,9512430000000000.0,9508412000000000.0,6247307500000000.0,6216439000000000.0,6216439000000000.0,9521774000000000.0,9401109000000000.0,,
148,5814322000000000.0,,,,,,,,,,9603492000000000.0,9607645000000000.0,9607645000000000.0,9603492000000000.0,6309781000000000.0,6278600000000000.0,6278600000000000.0,9617312000000000.0,9490764000000000.0,,
149,5814322000000000.0,,,,,,,,,,9699529000000000.0,9703810000000000.0,9703810000000000.0,9699529000000000.0,6372878400000000.0,6341386600000000.0,6341386600000000.0,9713304000000000.0,9579433000000000.0,,
150,5814322000000000.0,,,,,,,,,,9796528000000000.0,9800849000000000.0,9800848000000000.0,9796528000000000.0,6436607000000000.0,6404803400000000.0,6404803400000000.0,9810488000000000.0,9678754000000000.0,,
151,,,,,,,,,,,,,,,6500973600000000.0,,,,,,
152,,,,,,,,,,,,,,,6565983000000000.0,,,,,,
153,,,,,,,,,,,,,,,6631642600000000.0,,,,,,
154,,,,,,,,,,,,,,,6697959000000000.0,,,,,,
155,,,,,,,,,,,,,,,6764938600000000.0,,,,,,
156,,,,,,,,,,,,,,,6832588000000000.0,,,,,,
157,,,,,,,,,,,,,,,6900913500000000.0,,,,,,
158,,,,,,,,,,,,,,,6969923000000000.0,,,,,,
159,,,,,,,,,,,,,,,7039621600000000.0,,,,,,
160,,,,,,,,,,,,,,,7110018000000000.0,,,,,,
161,,,,,,,,,,,,,,,7181119000000000.0,,,,,,
162,,,,,,,,,,,,,,,7252930000000000.0,,,,,,
163,,,,,,,,,,,,,,,7325459700000000.0,,,,,,
164,,,,,,,,,,,,,,,7398714700000000.0,,,,,,
1850,,2208330000000000.0,2209065400000000.0,2213051427250485.0,2236988100000000.0,2236988100000000.0,2236988100000000.0,2236988100000000.0,2216670900000000.0,2216662600000000.0,,,,,,,,,,2235488700000000.0,0.0
1851,,2230413600000000.0,2231156500000000.0,2235157004723223.8,2259358200000000.0,2259358200000000.0,2259358200000000.0,2259358200000000.0,2236040100000000.0,2236031400000000.0,,,,,,,,,,2257843600000000.0,0.0
1852,,2252718000000000.0,2253468100000000.0,2257496082616715.0,2281951600000000.0,2281951600000000.0,2281951600000000.0,2281951600000000.0,2258423500000000.0,2258415000000000.0,,,,,,,,,,2280422000000000.0,0.0
1853,,2275244400000000.0,2276002200000000.0,2280146573584068.5,2304771000000000.0,2304771000000000.0,2304771000000000.0,2304771000000000.0,2280984400000000.0,2280975800000000.0,,,,,,,,,,2303226100000000.0,0.0
1854,,2297996800000000.0,2298762600000000.0,2302874739665956.5,2327819000000000.0,2327819000000000.0,2327819000000000.0,2327819000000000.0,2303794400000000.0,2303785000000000.0,,,,,,,,,,2326258400000000.0,0.0
1855,,2320977000000000.0,2321749800000000.0,2325914556360283.5,2351097000000000.0,2351097000000000.0,2351097000000000.0,2351097000000000.0,2326832000000000.0,2326823000000000.0,,,,,,,,,,2349521000000000.0,0.0
1856,,2344186700000000.0,2344967000000000.0,2349187635936787.5,2374608200000000.0,2374608200000000.0,2374608200000000.0,2374608200000000.0,2350124200000000.0,2350115400000000.0,,,,,,,,,,2373016400000000.0,0.0
1857,,2367628600000000.0,2368417000000000.0,2372694215934043.5,2398354000000000.0,2398354000000000.0,2398354000000000.0,2398354000000000.0,2373601300000000.0,2373592000000000.0,,,,,,,,,,2396746400000000.0,0.0
1858,,2391305000000000.0,2392101600000000.0,2396434533890630.5,2422337700000000.0,2422337700000000.0,2422337700000000.0,2422337700000000.0,2397337500000000.0,2397328000000000.0,,,,,,,,,,2420714000000000.0,0.0
1859,,2415218200000000.0,2416022500000000.0,2420408114729392.5,2446561000000000.0,2446561000000000.0,2446561000000000.0,2446561000000000.0,2421310600000000.0,2421301800000000.0,,,,,,,,,,2444921100000000.0,0.0
1860,,2439370000000000.0,2440182000000000.0,2444615433527484.5,2471026500000000.0,2471026500000000.0,2471026500000000.0,2471026500000000.0,2445549000000000.0,2445539300000000.0,,,,,,,,,,2469370200000000.0,0.0
1861,,2463764500000000.0,2464584800000000.0,2469056015207753.0,2495737000000000.0,2495737000000000.0,2495737000000000.0,2495737000000000.0,2469979300000000.0,2469969700000000.0,,,,,,,,,,2494064000000000.0,0.0
1862,,2488401200000000.0,2489230200000000.0,2493730334847352.0,2520694300000000.0,2520694300000000.0,2520694300000000.0,2520694300000000.0,2494679000000000.0,2494669200000000.0,,,,,,,,,,2519004500000000.0,0.0
1863,,2513286000000000.0,2514123300000000.0,2518637917369127.5,2545901200000000.0,2545901200000000.0,2545901200000000.0,2545901200000000.0,2519625700000000.0,2519616300000000.0,,,,,,,,,,2544194500000000.0,0.0
1864,,2538418600000000.0,2539264000000000.0,2543857150503342.5,2571360100000000.0,2571360100000000.0,2571360100000000.0,2571360100000000.0,2544848000000000.0,2544838200000000.0,,,,,,,,,,2569636800000000.0,0.0
1865,,2563803000000000.0,2564656200000000.0,2569309646519732.5,2597073800000000.0,2597073800000000.0,2597073800000000.0,2597073800000000.0,2570269800000000.0,2570260000000000.0,,,,,,,,,,2595332800000000.0,0.0
1866,,2589440300000000.0,2590303000000000.0,2594995880495453.0,2623044700000000.0,2623044700000000.0,2623044700000000.0,2623044700000000.0,2595973000000000.0,2595963000000000.0,,,,,,,,,,2621286500000000.0,0.0
1867,,2615335000000000.0,2616206300000000.0,2620915377353351.0,2649275000000000.0,2649275000000000.0,2649275000000000.0,2649275000000000.0,2621932600000000.0,2621922400000000.0,,,,,,,,,,2647499200000000.0,0.0
1868,,2641488600000000.0,2642368800000000.0,2647146287285111.5,2675767800000000.0,2675767800000000.0,2675767800000000.0,2675767800000000.0,2648179000000000.0,2648168700000000.0,,,,,,,,,,2673974000000000.0,0.0
1869,,2667903000000000.0,2668791700000000.0,2673610697637624.0,2702525500000000.0,2702525500000000.0,2702525500000000.0,2702525500000000.0,2674633400000000.0,2674623500000000.0,,,,,,,,,,2700713800000000.0,0.0
1870,,2694582800000000.0,2695480100000000.0,2700308845949467.5,2729550800000000.0,2729550800000000.0,2729550800000000.0,2729550800000000.0,2701379800000000.0,2701369300000000.0,,,,,,,,,,2727720800000000.0,0.0
1871,,2721528000000000.0,2722434500000000.0,2727318169796596.0,2756846400000000.0,2756846400000000.0,2756846400000000.0,2756846400000000.0,2728393800000000.0,2728383300000000.0,,,,,,,,,,2754998200000000.0,0.0
1872,,2748744000000000.0,2749659300000000.0,2754638669179011.5,2784415000000000.0,2784415000000000.0,2784415000000000.0,2784415000000000.0,2755705500000000.0,2755695000000000.0,,,,,,,,,,2782548000000000.0,0.0
1873,,2776230600000000.0,2777155600000000.0,2782192906520756.5,2812259200000000.0,2812259200000000.0,2812259200000000.0,2812259200000000.0,2783234000000000.0,2783223600000000.0,,,,,,,,,,2810373700000000.0,0.0
1874,,2803992800000000.0,2804927000000000.0,2809980644283255.5,2840381300000000.0,2840381300000000.0,2840381300000000.0,2840381300000000.0,2811066600000000.0,2811055800000000.0,,,,,,,,,,2838477300000000.0,0.0
1875,,2832033000000000.0,2832976000000000.0,2838079557581040.0,2868785600000000.0,2868785600000000.0,2868785600000000.0,2868785600000000.0,2839177400000000.0,2839166400000000.0,,,,,,,,,,2866862000000000.0,0.0
1876,,2860353500000000.0,2861306400000000.0,2866489883952687.5,2897473500000000.0,2897473500000000.0,2897473500000000.0,2897473500000000.0,2867598500000000.0,2867587500000000.0,,,,,,,,,,2895530900000000.0,0.0
1877,,2888956600000000.0,2889918700000000.0,2895133948283664.5,2926448000000000.0,2926448000000000.0,2926448000000000.0,2926448000000000.0,2896244600000000.0,2896233600000000.0,,,,,,,,,,2924486200000000.0,0.0
1878,,2917846400000000.0,2918818700000000.0,2924089188149928.5,2955712500000000.0,2955712500000000.0,2955712500000000.0,2955712500000000.0,2925207200000000.0,2925196200000000.0,,,,,,,,,,2953731000000000.0,0.0
1879,,2947024600000000.0,2948006000000000.0,2953355603551479.0,2985269400000000.0,2985269400000000.0,2985269400000000.0,2985269400000000.0,2954459100000000.0,2954448000000000.0,,,,,,,,,,2983268200000000.0,0.0
1880,,2976495800000000.0,2977486600000000.0,2982855756912359.0,3015122000000000.0,3015122000000000.0,3015122000000000.0,3015122000000000.0,2984034600000000.0,2984023300000000.0,,,,,,,,,,3013101000000000.0,0.0
1881,,3006260200000000.0,3007261200000000.0,3012667085808524.5,3045273300000000.0,3045273300000000.0,3045273300000000.0,3045273300000000.0,3013843800000000.0,3013832500000000.0,,,,,,,,,,3043231600000000.0,0.0
1882,,3036322800000000.0,3037334000000000.0,3042790065317129.5,3075726200000000.0,3075726200000000.0,3075726200000000.0,3075726200000000.0,3043982600000000.0,3043970300000000.0,,,,,,,,,,3073664000000000.0,0.0
1883,,3066686000000000.0,3067707500000000.0,3073223982822445.5,3106483300000000.0,3106483300000000.0,3106483300000000.0,3106483300000000.0,3074422100000000.0,3074410300000000.0,,,,,,,,,,3104401000000000.0,0.0
1884,,3097353000000000.0,3098384800000000.0,3103969550940200.5,3137548000000000.0,3137548000000000.0,3137548000000000.0,3137548000000000.0,3105198000000000.0,3105186200000000.0,,,,,,,,,,3135445000000000.0,0.0
1885,,3128326100000000.0,3129368200000000.0,3135026294593241.5,3168923500000000.0,3168923500000000.0,3168923500000000.0,3168923500000000.0,3136218100000000.0,3136205800000000.0,,,,,,,,,,3166799400000000.0,0.0
1886,,3159610000000000.0,3160662100000000.0,3166394451320145.5,3200612900000000.0,3200612900000000.0,3200612900000000.0,3200612900000000.0,3167580300000000.0,3167568200000000.0,,,,,,,,,,3198467500000000.0,0.0
1887,,3191205800000000.0,3192268500000000.0,3197996108467803.5,3232619200000000.0,3232619200000000.0,3232619200000000.0,3232619200000000.0,3199256000000000.0,3199243800000000.0,,,,,,,,,,3230452000000000.0,0.0
1888,,3223117700000000.0,3224191400000000.0,3229987091342433.5,3264945300000000.0,3264945300000000.0,3264945300000000.0,3264945300000000.0,3231282000000000.0,3231269300000000.0,,,,,,,,,,3262756700000000.0,0.0
1889,,3255349300000000.0,3256433500000000.0,3262289249752350.5,3297594600000000.0,3297594600000000.0,3297594600000000.0,3297594600000000.0,3263561200000000.0,3263548300000000.0,,,,,,,,,,3295384300000000.0,0.0
1890,,3287902700000000.0,3288998000000000.0,3294902821236129.5,3330570800000000.0,3330570800000000.0,3330570800000000.0,3330570800000000.0,3296196500000000.0,3296184200000000.0,,,,,,,,,,3328338000000000.0,0.0
1891,,3320782000000000.0,3321888000000000.0,3327905480908305.5,3363876400000000.0,3363876400000000.0,3363876400000000.0,3363876400000000.0,3329158800000000.0,3329146000000000.0,,,,,,,,,,3361621500000000.0,0.0
1892,,3353989600000000.0,3355106900000000.0,3361141878539810.5,3397515400000000.0,3397515400000000.0,3397515400000000.0,3397515400000000.0,3362484800000000.0,3362471000000000.0,,,,,,,,,,3395237400000000.0,0.0
1893,,3387529600000000.0,3388657500000000.0,3394767364359712.5,3431490700000000.0,3431490700000000.0,3431490700000000.0,3431490700000000.0,3396074700000000.0,3396061500000000.0,,,,,,,,,,3429190000000000.0,0.0
1894,,3421404500000000.0,3422543700000000.0,3428704025714900.5,3465805300000000.0,3465805300000000.0,3465805300000000.0,3465805300000000.0,3430035800000000.0,3430022400000000.0,,,,,,,,,,3463482000000000.0,0.0
1895,,3455618700000000.0,3456769800000000.0,3463030012797061.5,3500463600000000.0,3500463600000000.0,3500463600000000.0,3500463600000000.0,3464336500000000.0,3464322500000000.0,,,,,,,,,,3498116600000000.0,0.0
1896,,3490175000000000.0,3491336800000000.0,3497667175414508.5,3535467800000000.0,3535467800000000.0,3535467800000000.0,3535467800000000.0,3499015400000000.0,3499001400000000.0,,,,,,,,,,3533097800000000.0,0.0
1897,,3525076400000000.0,3526250000000000.0,3532615988644395.5,3570822700000000.0,3570822700000000.0,3570822700000000.0,3570822700000000.0,3533969200000000.0,3533955000000000.0,,,,,,,,,,3568428700000000.0,0.0
1898,,3560327400000000.0,3561513300000000.0,3567953890062678.5,3606531000000000.0,3606531000000000.0,3606531000000000.0,3606531000000000.0,3569309000000000.0,3569295300000000.0,,,,,,,,,,3604113000000000.0,0.0
1899,,3595930500000000.0,3597128300000000.0,3603602967016248.0,3642596400000000.0,3642596400000000.0,3642596400000000.0,3642596400000000.0,3605002000000000.0,3604988000000000.0,,,,,,,,,,3640154200000000.0,0.0
1900,,3631889800000000.0,3633099700000000.0,3639641369696790.5,3679022500000000.0,3679022500000000.0,3679022500000000.0,3679022500000000.0,3641052000000000.0,3641037900000000.0,,,,,,,,,,3676555600000000.0,0.0
1901,,3668209200000000.0,3669430800000000.0,3676068860565728.5,3715812400000000.0,3715812400000000.0,3715812400000000.0,3715812400000000.0,3677462400000000.0,3677448400000000.0,,,,,,,,,,3713321300000000.0,0.0
1902,,3704891100000000.0,3706125000000000.0,3712807764508529.5,3752970300000000.0,3752970300000000.0,3752970300000000.0,3752970300000000.0,3714237000000000.0,3714223300000000.0,,,,,,,,,,3750454300000000.0,0.0
1903,,3741939500000000.0,3743185600000000.0,3749935756639728.0,3790499800000000.0,3790499800000000.0,3790499800000000.0,3790499800000000.0,3751379000000000.0,3751364800000000.0,,,,,,,,,,3787959000000000.0,0.0
1904,,3779359700000000.0,3780618400000000.0,3787453074497898.0,3828405300000000.0,3828405300000000.0,3828405300000000.0,3828405300000000.0,3788932000000000.0,3788917000000000.0,,,,,,,,,,3825838800000000.0,0.0
1905,,3817152500000000.0,3818423800000000.0,3825281805429932.0,3866689300000000.0,3866689300000000.0,3866689300000000.0,3866689300000000.0,3826781800000000.0,3826767500000000.0,,,,,,,,,,3864097000000000.0,0.0
1906,,3855324500000000.0,3856608700000000.0,3863577299664895.5,3905355800000000.0,3905355800000000.0,3905355800000000.0,3905355800000000.0,3865050000000000.0,3865035000000000.0,,,,,,,,,,3902738000000000.0,0.0
1907,,3893877200000000.0,3895174300000000.0,3902184206973720.5,3944409600000000.0,3944409600000000.0,3944409600000000.0,3944409600000000.0,3903700000000000.0,3903686000000000.0,,,,,,,,,,3941765300000000.0,0.0
1908,,3932816000000000.0,3934126000000000.0,3941258352662630.0,3983853800000000.0,3983853800000000.0,3983853800000000.0,3983853800000000.0,3942777800000000.0,3942762000000000.0,,,,,,,,,,3981183200000000.0,0.0
1909,,3972144400000000.0,3973467500000000.0,3980643673886824.5,4023691800000000.0,4023691800000000.0,4023691800000000.0,4023691800000000.0,3982165000000000.0,3982149500000000.0,,,,,,,,,,4020994800000000.0,0.0
1910,,4011866000000000.0,4013203200000000.0,4020418320837992.5,4063929200000000.0,4063929200000000.0,4063929200000000.0,4063929200000000.0,4021986400000000.0,4021970900000000.0,,,,,,,,,,4061204800000000.0,0.0
1911,,4051984000000000.0,4053333500000000.0,4060659731092090.0,4104568200000000.0,4104568200000000.0,4104568200000000.0,4104568200000000.0,4062206600000000.0,4062190500000000.0,,,,,,,,,,4101817000000000.0,0.0
1912,,4092504000000000.0,4093868000000000.0,4101290229534584.0,4145614400000000.0,4145614400000000.0,4145614400000000.0,4145614400000000.0,4102870600000000.0,4102854500000000.0,,,,,,,,,,4142835000000000.0,0.0
1913,,4133429500000000.0,4134807000000000.0,4142232378589518.0,4187070200000000.0,4187070200000000.0,4187070200000000.0,4187070200000000.0,4143856700000000.0,4143840600000000.0,,,,,,,,,,4184263400000000.0,0.0
1914,,4174763800000000.0,4176154500000000.0,4183719441139066.0,4228941000000000.0,4228941000000000.0,4228941000000000.0,4228941000000000.0,4185295300000000.0,4185279000000000.0,,,,,,,,,,4226105800000000.0,0.0
1915,,4216512000000000.0,4217915900000000.0,4225517679223902.5,4271230400000000.0,4271230400000000.0,4271230400000000.0,4271230400000000.0,4227148000000000.0,4227132300000000.0,,,,,,,,,,4268367200000000.0,0.0
1916,,4258676000000000.0,4260095400000000.0,4267782918150245.5,4313942700000000.0,4313942700000000.0,4313942700000000.0,4313942700000000.0,4269463000000000.0,4269447700000000.0,,,,,,,,,,4311051000000000.0,0.0
1917,,4301263000000000.0,4302695000000000.0,4310437720342135.5,4357082500000000.0,4357082500000000.0,4357082500000000.0,4357082500000000.0,4312114000000000.0,4312097500000000.0,,,,,,,,,,4354161600000000.0,0.0
1918,,4344276500000000.0,4345722300000000.0,4353559048298381.5,4400652500000000.0,4400652500000000.0,4400652500000000.0,4400652500000000.0,4355235000000000.0,4355218200000000.0,,,,,,,,,,4397702600000000.0,0.0
1919,,4387718500000000.0,4389180600000000.0,4397069464443021.5,4444659800000000.0,4444659800000000.0,4444659800000000.0,4444659800000000.0,4398787400000000.0,4398770200000000.0,,,,,,,,,,4441680000000000.0,0.0
1920,,4431595300000000.0,4433071700000000.0,4441047356506320.5,4489106300000000.0,4489106300000000.0,4489106300000000.0,4489106300000000.0,4442820700000000.0,4442804000000000.0,,,,,,,,,,4486096800000000.0,0.0
1921,,4475911300000000.0,4477403300000000.0,4485492249411126.5,4533997000000000.0,4533997000000000.0,4533997000000000.0,4533997000000000.0,4487202800000000.0,4487185600000000.0,,,,,,,,,,4530957500000000.0,0.0
1922,,4520671000000000.0,4522176000000000.0,4530326230504329.0,4579337600000000.0,4579337600000000.0,4579337600000000.0,4579337600000000.0,4532075000000000.0,4532058000000000.0,,,,,,,,,,4576267000000000.0,0.0
1923,,4565877000000000.0,4567398000000000.0,4575626737361885.0,4625131000000000.0,4625131000000000.0,4625131000000000.0,4625131000000000.0,4577396000000000.0,4577378600000000.0,,,,,,,,,,4622030000000000.0,0.0
1924,,4611536000000000.0,4613071400000000.0,4621394720138097.0,4671381000000000.0,4671381000000000.0,4671381000000000.0,4671381000000000.0,4623217000000000.0,4623199400000000.0,,,,,,,,,,4668250400000000.0,0.0
1925,,4657652000000000.0,4659202500000000.0,4667629703755818.0,4718096000000000.0,4718096000000000.0,4718096000000000.0,4718096000000000.0,4669401500000000.0,4669383000000000.0,,,,,,,,,,4714933000000000.0,0.0
1926,,4704228000000000.0,4705795000000000.0,4714253775561936.0,4765276400000000.0,4765276400000000.0,4765276400000000.0,4765276400000000.0,4716095300000000.0,4716077600000000.0,,,,,,,,,,4762082000000000.0,0.0
1927,,4751271600000000.0,4752853000000000.0,4761422760862670.0,4812929000000000.0,4812929000000000.0,4812929000000000.0,4812929000000000.0,4763256000000000.0,4763238000000000.0,,,,,,,,,,4809703000000000.0,0.0
1928,,4798783600000000.0,4800382000000000.0,4809059222082062.0,4861058500000000.0,4861058500000000.0,4861058500000000.0,4861058500000000.0,4810938400000000.0,4810919600000000.0,,,,,,,,,,4857799700000000.0,0.0
1929,,4846771300000000.0,4848386000000000.0,4857162209065807.0,4909669000000000.0,4909669000000000.0,4909669000000000.0,4909669000000000.0,4858998000000000.0,4858979700000000.0,,,,,,,,,,4906378000000000.0,0.0
1930,,4895239400000000.0,4896869000000000.0,4905732196891057.0,4958766000000000.0,4958766000000000.0,4958766000000000.0,4958766000000000.0,4907588000000000.0,4907568700000000.0,,,,,,,,,,4955441500000000.0,0.0
1931,,4944191000000000.0,4945838500000000.0,4954769185557815.0,5008354000000000.0,5008354000000000.0,5008354000000000.0,5008354000000000.0,4956664000000000.0,4956644000000000.0,,,,,,,,,,5004996000000000.0,0.0
1932,,4993633400000000.0,4995296000000000.0,5004273175066079.0,5058437500000000.0,5058437500000000.0,5058437500000000.0,5058437500000000.0,5006281500000000.0,5006261700000000.0,,,,,,,,,,5055046000000000.0,0.0
1933,,5043570000000000.0,5045250000000000.0,5054322078068959.0,5109021400000000.0,5109021400000000.0,5109021400000000.0,5109021400000000.0,5056292700000000.0,5056273000000000.0,,,,,,,,,,5105597000000000.0,0.0
1934,,5094004600000000.0,5095703000000000.0,5104915894566455.0,5160111700000000.0,5160111700000000.0,5160111700000000.0,5160111700000000.0,5106855000000000.0,5106835000000000.0,,,,,,,,,,5156652600000000.0,0.0
1935,,5144945000000000.0,5146659000000000.0,5155976711905456.0,5211713000000000.0,5211713000000000.0,5211713000000000.0,5211713000000000.0,5157923400000000.0,5157904000000000.0,,,,,,,,,,5208219000000000.0,0.0
1936,,5196395000000000.0,5198126000000000.0,5207505005163118.0,5263830000000000.0,5263830000000000.0,5263830000000000.0,5263830000000000.0,5209556400000000.0,5209536600000000.0,,,,,,,,,,5260301500000000.0,0.0
1937,,5248359300000000.0,5250107400000000.0,5259577261761088.0,5316468000000000.0,5316468000000000.0,5316468000000000.0,5316468000000000.0,5261598500000000.0,5261578000000000.0,,,,,,,,,,5312904000000000.0,0.0
1938,,5300841000000000.0,5302608000000000.0,5312194906930829.0,5369633000000000.0,5369633000000000.0,5369633000000000.0,5369633000000000.0,5314214600000000.0,5314194000000000.0,,,,,,,,,,5366033400000000.0,0.0
1939,,5353849600000000.0,5355634000000000.0,5365279552942073.0,5423330000000000.0,5423330000000000.0,5423330000000000.0,5423330000000000.0,5367357000000000.0,5367336300000000.0,,,,,,,,,,5419694000000000.0,0.0
1940,,5407389000000000.0,5409189700000000.0,5418987025101047.0,5477563000000000.0,5477563000000000.0,5477563000000000.0,5477563000000000.0,5421084600000000.0,5421064000000000.0,,,,,,,,,,5473890700000000.0,0.0
1941,,5461463000000000.0,5463282700000000.0,5473161023024370.0,5532337700000000.0,5532337700000000.0,5532337700000000.0,5532337700000000.0,5475240400000000.0,5475220000000000.0,,,,,,,,,,5528629500000000.0,0.0
1942,,5516078000000000.0,5517916000000000.0,5527880409519465.0,5587661000000000.0,5587661000000000.0,5587661000000000.0,5587661000000000.0,5529993000000000.0,5529971700000000.0,,,,,,,,,,5583915400000000.0,0.0
1943,,5571239000000000.0,5573094000000000.0,5583144234432023.0,5643538000000000.0,5643538000000000.0,5643538000000000.0,5643538000000000.0,5585292500000000.0,5585271600000000.0,,,,,,,,,,5639755400000000.0,0.0
1944,,5626951500000000.0,5628825000000000.0,5638953447916350.0,5699973500000000.0,5699973500000000.0,5699973500000000.0,5699973500000000.0,5641203300000000.0,5641182400000000.0,,,,,,,,,,5696152600000000.0,0.0
1945,,5683220400000000.0,5685114000000000.0,5695385012471248.0,5756972600000000.0,5756972600000000.0,5756972600000000.0,5756972600000000.0,5697557000000000.0,5697535600000000.0,,,,,,,,,,5753114600000000.0,0.0
1946,,5740052500000000.0,5741964300000000.0,5752361490520762.0,5814542300000000.0,5814542300000000.0,5814542300000000.0,5814542300000000.0,5754532500000000.0,5754510000000000.0,,,,,,,,,,5810645700000000.0,0.0
1947,,5797453700000000.0,5799384000000000.0,5809882406987742.0,5872688600000000.0,5872688600000000.0,5872688600000000.0,5872688600000000.0,5812078000000000.0,5812055500000000.0,,,,,,,,,,5868752000000000.0,0.0
1948,,5855427000000000.0,5857377600000000.0,5867948712026488.0,5931416000000000.0,5931416000000000.0,5931416000000000.0,5931416000000000.0,5870259000000000.0,5870236000000000.0,,,,,,,,,,5927438700000000.0,0.0
1949,,5913981500000000.0,5915952000000000.0,5926637368135808.0,5990729400000000.0,5990729400000000.0,5990729400000000.0,5990729400000000.0,5928900000000000.0,5928877500000000.0,,,,,,,,,,5986713600000000.0,0.0
1950,,5973122000000000.0,5975112000000000.0,5985871412816897.0,6050636600000000.0,6050636600000000.0,6050636600000000.0,6050636600000000.0,5988190000000000.0,5988165300000000.0,,,,,,,,,,6046580000000000.0,0.0
1951,,6032853000000000.0,6034862300000000.0,6045727333491407.0,6111143600000000.0,6111143600000000.0,6111143600000000.0,6111143600000000.0,6048071500000000.0,6048048000000000.0,,,,,,,,,,6107046000000000.0,0.0
1952,,6093180400000000.0,6095211000000000.0,6106206555390793.0,6172255000000000.0,6172255000000000.0,6172255000000000.0,6172255000000000.0,6108615500000000.0,6108592000000000.0,,,,,,,,,,6168117000000000.0,0.0
1953,,6154113000000000.0,6156164000000000.0,6167308603437907.0,6233977000000000.0,6233977000000000.0,6233977000000000.0,6233977000000000.0,6169637300000000.0,6169613700000000.0,,,,,,,,,,6229798000000000.0,0.0
1954,,6215654700000000.0,6217725000000000.0,6228955089902483.0,6296317000000000.0,6296317000000000.0,6296317000000000.0,6296317000000000.0,6231334000000000.0,6231310400000000.0,,,,,,,,,,6292095400000000.0,0.0
1955,,6277811400000000.0,6279902000000000.0,6291224402514785.0,6359280500000000.0,6359280500000000.0,6359280500000000.0,6359280500000000.0,6293647500000000.0,6293623300000000.0,,,,,,,,,,6355016700000000.0,0.0
1956,,6340590000000000.0,6342701000000000.0,6354116541274815.0,6422873000000000.0,6422873000000000.0,6422873000000000.0,6422873000000000.0,6356649000000000.0,6356625000000000.0,,,,,,,,,,6418566600000000.0,0.0
1957,,6403994300000000.0,6406128000000000.0,6417708943758525.0,6487102000000000.0,6487102000000000.0,6487102000000000.0,6487102000000000.0,6420150000000000.0,6420125000000000.0,,,,,,,,,,6482753000000000.0,0.0
1958,,6468035500000000.0,6470189500000000.0,6481846259736851.0,6551973000000000.0,6551973000000000.0,6551973000000000.0,6551973000000000.0,6484351000000000.0,6484326300000000.0,,,,,,,,,,6547580500000000.0,0.0
1959,,6532714500000000.0,6534891000000000.0,6546684314516015.0,6617492300000000.0,6617492300000000.0,6617492300000000.0,6617492300000000.0,6549195400000000.0,6549170000000000.0,,,,,,,,,,6613056000000000.0,0.0
1960,,6598042000000000.0,6600239500000000.0,6612144720365749.0,6683667600000000.0,6683667600000000.0,6683667600000000.0,6683667600000000.0,6614754300000000.0,6614728500000000.0,,,,,,,,,,6679187000000000.0,0.0
1961,,6664023500000000.0,6666243000000000.0,6678305865016321.0,6750503700000000.0,6750503700000000.0,6750503700000000.0,6750503700000000.0,6680834000000000.0,6680808000000000.0,,,,,,,,,,6745978400000000.0,0.0
1962,,6730663000000000.0,6732904000000000.0,6745089835814619.0,6818009300000000.0,6818009300000000.0,6818009300000000.0,6818009300000000.0,6747642000000000.0,6747615300000000.0,,,,,,,,,,6813438000000000.0,0.0
1963,,6797970600000000.0,6800234000000000.0,6812496157683489.0,6886189000000000.0,6886189000000000.0,6886189000000000.0,6886189000000000.0,6815119000000000.0,6815092500000000.0,,,,,,,,,,6881572700000000.0,0.0
1964,,6865949000000000.0,6868236300000000.0,6880603218353195.0,6955051000000000.0,6955051000000000.0,6955051000000000.0,6955051000000000.0,6883340000000000.0,6883314000000000.0,,,,,,,,,,6950388300000000.0,0.0
1965,,6934608600000000.0,6936918000000000.0,6949411017823736.0,7024601500000000.0,7024601500000000.0,7024601500000000.0,7024601500000000.0,6952102500000000.0,6952075000000000.0,,,,,,,,,,7019892700000000.0,0.0
1966,,7003955000000000.0,7006287300000000.0,7018919081017960.0,7094848000000000.0,7094848000000000.0,7094848000000000.0,7094848000000000.0,7021623000000000.0,7021596700000000.0,,,,,,,,,,7090092000000000.0,0.0
1967,,7073994000000000.0,7076351000000000.0,7089127883013021.0,7165796000000000.0,7165796000000000.0,7165796000000000.0,7165796000000000.0,7091839000000000.0,7091812000000000.0,,,,,,,,,,7160992000000000.0,0.0
1968,,7144734500000000.0,7147115000000000.0,7160036948731763.0,7237453700000000.0,7237453700000000.0,7237453700000000.0,7237453700000000.0,7162832400000000.0,7162804500000000.0,,,,,,,,,,7232602000000000.0,0.0
1969,,7216181000000000.0,7218585400000000.0,7231646753251341.0,7309828700000000.0,7309828700000000.0,7309828700000000.0,7309828700000000.0,7234385500000000.0,7234357600000000.0,,,,,,,,,,7304928000000000.0,0.0
1970,,7288344000000000.0,7290770000000000.0,7303956821494603.0,7382926400000000.0,7382926400000000.0,7382926400000000.0,7382926400000000.0,7306729400000000.0,7306701000000000.0,,,,,,,,,,7377978000000000.0,0.0
1971,,7361227700000000.0,7363679000000000.0,7376967628538700.0,7456755000000000.0,7456755000000000.0,7456755000000000.0,7456755000000000.0,7379797000000000.0,7379768000000000.0,,,,,,,,,,7451757500000000.0,0.0
1972,,7434839000000000.0,7437315700000000.0,7450756611959587.0,7531323400000000.0,7531323400000000.0,7531323400000000.0,7531323400000000.0,7453671500000000.0,7453641400000000.0,,,,,,,,,,7526274700000000.0,0.0
1973,,7509187700000000.0,7511689000000000.0,7525246334181313.0,7606638000000000.0,7606638000000000.0,7606638000000000.0,7606638000000000.0,7528130600000000.0,7528101000000000.0,,,,,,,,,,7601537500000000.0,0.0
1974,,7584279000000000.0,7586804700000000.0,7600514232779829.0,7682704000000000.0,7682704000000000.0,7682704000000000.0,7682704000000000.0,7603412300000000.0,7603381000000000.0,,,,,,,,,,7677552500000000.0,0.0
1975,,7660123000000000.0,7662674000000000.0,7676482870179184.0,7759530600000000.0,7759530600000000.0,7759530600000000.0,7759530600000000.0,7679446000000000.0,7679416600000000.0,,,,,,,,,,7754329000000000.0,0.0
1976,,7736724000000000.0,7739299700000000.0,7753230159032483.0,7837125000000000.0,7837125000000000.0,7837125000000000.0,7837125000000000.0,7756319600000000.0,7756290600000000.0,,,,,,,,,,7831871000000000.0,0.0
1977,,7814091000000000.0,7816693000000000.0,7831144237373819.0,7915497500000000.0,7915497500000000.0,7915497500000000.0,7915497500000000.0,7833803500000000.0,7833773000000000.0,,,,,,,,,,7910190000000000.0,0.0
1978,,7892232000000000.0,7894860700000000.0,7908980878139197.0,7994652000000000.0,7994652000000000.0,7994652000000000.0,7994652000000000.0,7912141000000000.0,7912111000000000.0,,,,,,,,,,7989292000000000.0,0.0
1979,,7971153000000000.0,7973808600000000.0,7988374821812465.0,8074599000000000.0,8074599000000000.0,8074599000000000.0,8074599000000000.0,7991262000000000.0,7991231000000000.0,,,,,,,,,,8069185000000000.0,0.0
1980,,8050865000000000.0,8053546300000000.0,8067767815331427.0,8155344600000000.0,8155344600000000.0,8155344600000000.0,8155344600000000.0,8071257000000000.0,8071227000000000.0,,,,,,,,,,8149877000000000.0,0.0
1981,,8131375400000000.0,8134082300000000.0,8148718111758284.0,8236898500000000.0,8236898500000000.0,8236898500000000.0,8236898500000000.0,8151886000000000.0,8151855000000000.0,,,,,,,,,,8231375700000000.0,0.0
1982,,8212688300000000.0,8215422600000000.0,8230446584561932.0,8319267400000000.0,8319267400000000.0,8319267400000000.0,8319267400000000.0,8233405600000000.0,8233373400000000.0,,,,,,,,,,8313689300000000.0,0.0
1983,,8294816000000000.0,8297578000000000.0,8312175057365579.0,8402460000000000.0,8402460000000000.0,8402460000000000.0,8402460000000000.0,8315740000000000.0,8315708000000000.0,,,,,,,,,,8396826400000000.0,0.0
1984,,8377762700000000.0,8380553300000000.0,8395459882922811.0,8486483300000000.0,8486483300000000.0,8486483300000000.0,8486483300000000.0,8398982500000000.0,8398950000000000.0,,,,,,,,,,8480795000000000.0,0.0
1985,,8461541000000000.0,8464359000000000.0,8479523835011139.0,8571348700000000.0,8571348700000000.0,8571348700000000.0,8571348700000000.0,8482885000000000.0,8482852500000000.0,,,,,,,,,,8565603600000000.0,0.0
1986,,8546157600000000.0,8549002000000000.0,8564365963476261.0,8657062000000000.0,8657062000000000.0,8657062000000000.0,8657062000000000.0,8567714000000000.0,8567682400000000.0,,,,,,,,,,8651258000000000.0,0.0
1987,,8631619000000000.0,8634492000000000.0,8649986268318177.0,8743632000000000.0,8743632000000000.0,8743632000000000.0,8743632000000000.0,8653392000000000.0,8653358400000000.0,,,,,,,,,,8737771700000000.0,0.0
1988,,8717934000000000.0,8720837000000000.0,8736384749536885.0,8831068600000000.0,8831068600000000.0,8831068600000000.0,8831068600000000.0,8740014000000000.0,8739981400000000.0,,,,,,,,,,8825149000000000.0,0.0
1989,,8805113000000000.0,8808044300000000.0,8823561407132387.0,8919380000000000.0,8919380000000000.0,8919380000000000.0,8919380000000000.0,8827325500000000.0,8827289500000000.0,,,,,,,,,,8913401500000000.0,0.0
1990,,8893165700000000.0,8896125500000000.0,8912295367635779.0,9008575000000000.0,9008575000000000.0,9008575000000000.0,9008575000000000.0,8915598300000000.0,8915563400000000.0,,,,,,,,,,9002535000000000.0,0.0
1991,,8982097300000000.0,8985087000000000.0,9001029328139171.0,9098660000000000.0,9098660000000000.0,9098660000000000.0,9098660000000000.0,9004753300000000.0,9004718400000000.0,,,,,,,,,,9092559000000000.0,0.0
1992,,9071917000000000.0,9074938000000000.0,9091319641396148.0,9189646000000000.0,9189646000000000.0,9189646000000000.0,9189646000000000.0,9094895000000000.0,9094861000000000.0,,,,,,,,,,9183487000000000.0,0.0
1993,,9162635000000000.0,9165687000000000.0,9182388131029918.0,9281541000000000.0,9281541000000000.0,9281541000000000.0,9281541000000000.0,9185750000000000.0,9185714000000000.0,,,,,,,,,,9275320000000000.0,0.0
1994,,9254263000000000.0,9257346000000000.0,9274235747194786.0,9374358000000000.0,9374358000000000.0,9374358000000000.0,9374358000000000.0,9277607000000000.0,9277571000000000.0,,,,,,,,,,9368072000000000.0,0.0
1995,,9346804000000000.0,9349919000000000.0,9366861539736448.0,9468102000000000.0,9468102000000000.0,9468102000000000.0,9468102000000000.0,9370383000000000.0,9370346000000000.0,,,,,,,,,,9461755000000000.0,0.0
1996,,9440273000000000.0,9443417000000000.0,9460265508654900.0,9562782000000000.0,9562782000000000.0,9562782000000000.0,9562782000000000.0,9464185000000000.0,9464146000000000.0,,,,,,,,,,9556372000000000.0,0.0
1997,,9534675000000000.0,9537851000000000.0,9555225830326942.0,9658410000000000.0,9658410000000000.0,9658410000000000.0,9658410000000000.0,9558728000000000.0,9558691000000000.0,,,,,,,,,,9651936000000000.0,0.0
1998,,9630022000000000.0,9633232000000000.0,9650965278530078.0,9754994000000000.0,9754994000000000.0,9754994000000000.0,9754994000000000.0,9654317000000000.0,9654278000000000.0,,,,,,,,,,9748456000000000.0,0.0
1999,,9726323000000000.0,9729562000000000.0,9747482903110010.0,9852545000000000.0,9852545000000000.0,9852545000000000.0,9852545000000000.0,9750859000000000.0,9750820000000000.0,,,,,,,,,,9845939000000000.0,0.0
2000,,,,,,,,,9848468000000000.0,9848432000000000.0,,,,,,,,,,,0.0
2001,,,,,,,,,9946851000000000.0,9946812000000000.0,,,,,,,,,,,
2002,,,,,,,,,1.0046318e+16,1.0046282e+16,,,,,,,,,,,
2003,,,,,,,,,1.0146782e+16,1.0146743e+16,,,,,,,,,,,
2004,,,,,,,,,1.0248356e+16,1.0248315e+16,,,,,,,,,,,
2005,,,,,,,,,1.0350733e+16,1.0350693e+16,,,,,,,,,,,
2006,,,,,,,,,1.0454239e+16,1.0454201e+16,,,,,,,,,,,
2007,,,,,,,,,1.0558783e+16,1.0558742e+16,,,,,,,,,,,
2008,,,,,,,,,1.0664479e+16,1.0664438e+16,,,,,,,,,,,
2009,,,,,,,,,1.0771015e+16,1.0770972e+16,,,,,,,,,,,
2010,,,,,,,,,1.0878724e+16,1.0878683e+16,,,,,,,,,,,
2011,,,,,,,,,1.0987511e+16,1.098747e+16,,,,,,,,,,,
2012,,,,,,,,,1.10975e+16,1.1097456e+16,,,,,,,,,,,
2013,,,,,,,,,1.120836e+16,1.1208317e+16,,,,,,,,,,,
2014,,,,,,,,,1.1320444e+16,1.1320401e+16,,,,,,,,,,,
